Titulo do imóvel,Tipo,Preço,Valor Condominio,Quartos,Suítes,Área Total,Bairro,Link para o anúncio,Origem
"Sobrado à venda, Centro, TOLEDO - PR",Residencial,"R$ 10.900,00",,3,2,"490,00m²","Centro, TOLEDO - PR",https://www.maximizeimobiliaria.com.br/imovel/venda-e-locacao/sobrado/toledo-pr/centro/sobrado-a-venda--centro--toledo---pr/773428,Maximize Imobiliária
"Barracão, 338 m² - venda por R$ 1.350.000,00 ou aluguel por R$ 6.000,00/mês - Ja",Residencial,"R$ 6.000,00",,,,"808,00m²","Jardim Pancera, TOLEDO - PR",https://www.maximizeimobiliaria.com.br/imovel/venda-e-locacao/barracao/toledo-pr/jardim-pancera/barracao-a-venda-808-00-m---jardim-pancera--toledo---pr/547752,Maximize Imobiliária
"Sobrado para venda e locação, no Jardim Pancera, com uma suíte e mais dois quartos, piscina,",Residencial,"R$ 5.000,00",,2,1,"172,00m²","Jardim Pancera, TOLEDO - PR",https://www.maximizeimobiliaria.com.br/imovel/locacao/sobrado/toledo-pr/jardim-pancera/sobrado-para-venda-e-locacao--no-jardim-pancera--com-uma-suite-e-mais-dois-quartos--piscina-/860199,Maximize Imobiliária
"Casa para locação e venda com 03 quartos e piscina, Vila Becker, TOLEDO - PR",Residencial,"R$ 4.200,00",,3,,"203,00m²","Vila Becker, TOLEDO - PR",https://www.maximizeimobiliaria.com.br/imovel/locacao/casa/toledo-pr/vila-becker/casa-para-locacao-e-venda-com-03-quartos-e-piscina--vila-becker--toledo---pr/873697,Maximize Imobiliária
Apartamento semi-mobiliado  à venda e locação no  Centro de Toledo,Residencial,"R$ 2.850,00","R$ 550,00",2,1,"233,33m²","Centro, TOLEDO - PR",https://www.maximizeimobiliaria.com.br/imovel/venda-e-locacao/apartamento/toledo-pr/centro/apartamento-semi-mobiliado--a-venda-e-locacao-no--centro-de-toledo/854349,Maximize Imobiliária
"Apartamento à venda, Jardim La Salle, TOLEDO - PR",Residencial,"R$ 3.200,00",,,,"192,58m²","Jardim La Salle, TOLEDO - PR",https://www.maximizeimobiliaria.com.br/imovel/venda-e-locacao/apartamento/toledo-pr/jardim-la-salle/apartamento-a-venda--jardim-la-salle--toledo---pr/790079,Maximize Imobiliária
"Apartamento à venda, Jardim Gisela, TOLEDO - PR",Residencial,"R$ 3.300,00","R$ 300,00",,1,,"Jardim Gisela, TOLEDO - PR",https://www.maximizeimobiliaria.com.br/imovel/venda-e-locacao/apartamento/toledo-pr/jardim-gisela/apartamento-a-venda--jardim-gisela--toledo---pr/743532,Maximize Imobiliária
"Sala, 26 m² - venda por R$ 500.000,00 ou aluguel por R$ 2.500,00/mês - Centro - ",Residencial,"R$ 2.500,00",,,,"26,50m²","Centro, TOLEDO - PR",https://www.maximizeimobiliaria.com.br/imovel/venda-e-locacao/sala-comercial/toledo-pr/centro/sala-comercial-a-venda-26-50-m---centro--toledo---pr/548367,Maximize Imobiliária
"Sala Comercial para locação, Centro, TOLEDO - PR",Residencial,"R$ 23.000,00",,,,"992,97m²","Centro, TOLEDO - PR",https://www.maximizeimobiliaria.com.br/imovel/locacao/sala-comercial/toledo-pr/centro/sala-comercial-para-locacao--centro--toledo---pr/847693,Maximize Imobiliária
"Sala Comercial para locação, Centro, TOLEDO - PR",Residencial,"R$ 18.000,00",,,,"800,00m²","Centro, TOLEDO - PR",https://www.maximizeimobiliaria.com.br/imovel/locacao/sala-comercial/toledo-pr/centro/sala-comercial-para-locacao--centro--toledo---pr/610726,Maximize Imobiliária
Sala Comercial para locação no Centro de Toledo - PR,Residencial,"R$ 12.000,00",,,,"301,19m²","Centro, TOLEDO - PR",https://www.maximizeimobiliaria.com.br/imovel/locacao/sala-comercial/toledo-pr/centro/sala-comercial-para-locacao-no-centro-de-toledo---pr/763770,Maximize Imobiliária
"SALA COMERCIAL COM 220,00 M  - 01 VAGA DE GARAGEM - COPA - 03 BANHEIROS - ELEVADOR",Residencial,"R$ 10.000,00",,,,m²,"Jardim Santa Maria, TOLEDO - PR",https://www.maximizeimobiliaria.com.br/imovel/locacao/sala-comercial/toledo-pr/jardim-santa-maria/sala-comercial-com-220-00-m----01-vaga-de-garagem---copa---03-banheiros---elevador/592279,Maximize Imobiliária
"Barracão para alugar, 600 m² por R$ 9.000,00/mês - Jardim Europa - Toledo/PR",Residencial,"R$ 9.000,00",,,,"600,00m²","Jardim Europa, TOLEDO - PR",https://www.maximizeimobiliaria.com.br/imovel/locacao/barracao/toledo-pr/jardim-europa/barracao-para-locacao-600-00-m---jardim-europa--toledo---pr/548425,Maximize Imobiliária
Sala para alugar - Vila Becker - Toledo/Pr,Residencial,"R$ 9.000,00",,,,"580,00m²","Vila Becker, TOLEDO - PR",https://www.maximizeimobiliaria.com.br/imovel/locacao/sala-comercial/toledo-pr/vila-becker/sala-comercial-para-locacao---vila-becker---toledo-pr/552154,Maximize Imobiliária
"Sala Comercial para locação, Centro, TOLEDO - PR",Residencial,"R$ 8.800,00",,,,267m²,"Centro, TOLEDO - PR",https://www.maximizeimobiliaria.com.br/imovel/locacao/sala-comercial/toledo-pr/centro/sala-comercial-para-locacao--centro--toledo---pr/796783,Maximize Imobiliária
"Chácara para alugar, 6000 m² por R$ 7.500,00/mês - Zona Rural - Toledo/PR",Residencial,"R$ 7.500,00",,,,"6000,00m²","Zona Rural, TOLEDO - PR",https://www.maximizeimobiliaria.com.br/imovel/locacao/chacara/toledo-pr/zona-rural/chacara-para-locacao-6000-00-m---zona-rural--toledo---pr/547888,Maximize Imobiliária
"Barracão para locação, Ouro Verde, PALOTINA - PR",Residencial,"R$ 7.000,00",,,,"300,00m²","Ouro Verde, PALOTINA - PR",https://www.maximizeimobiliaria.com.br/imovel/locacao/barracao/palotina-pr/ouro-verde/barracao-para-locacao--ouro-verde--palotina---pr/778082,Maximize Imobiliária
"Sala Comercial para locação, Vila Industrial, TOLEDO - PR",Residencial,"R$ 6.200,00",,,,"400,00m²","Vila Industrial, TOLEDO - PR",https://www.maximizeimobiliaria.com.br/imovel/locacao/sala-comercial/toledo-pr/vila-industrial/sala-comercial-para-locacao--vila-industrial--toledo---pr/595108,Maximize Imobiliária
"Sala Comercial para locação, Centro, TOLEDO - PR",Residencial,"R$ 6.000,00",,,,m²,"Centro, TOLEDO - PR",https://www.maximizeimobiliaria.com.br/imovel/locacao/sala-comercial/toledo-pr/centro/sala-comercial-para-locacao--centro--toledo---pr/562970,Maximize Imobiliária
"Sobrado para locação, de fino acabamento, Jardim Concórdia, TOLEDO - PR",Residencial,"R$ 5.600,00",,,,"160,27m²","Jardim Concórdia, TOLEDO - PR",https://www.maximizeimobiliaria.com.br/imovel/locacao/sobrado/toledo-pr/jardim-concordia/sobrado-para-locacao--de-fino-acabamento--jardim-concordia--toledo---pr/867775,Maximize Imobiliária
"Excelente Sala Comercial, com 220 m  de esquina - Possui Mezanino - 02 Banheiros -",Residencial,"R$ 5.500,00",,,,"220,00m²","Vila Becker, TOLEDO - PR",https://www.maximizeimobiliaria.com.br/imovel/locacao/sala-comercial/toledo-pr/vila-becker/excelente-sala-comercial--com-220-m--de-esquina---possui-mezanino---02-banheiros--/757047,Maximize Imobiliária
"Sala Comercial para locação, Jardim Porto Alegre, TOLEDO - PR - De esquina",Residencial,"R$ 5.500,00",,,,"90,00m²","Jardim Porto Alegre, TOLEDO - PR",https://www.maximizeimobiliaria.com.br/imovel/locacao/sala-comercial/toledo-pr/jardim-porto-alegre/sala-comercial-para-locacao--jardim-porto-alegre--toledo---pr---de-esquina/847690,Maximize Imobiliária
"Salas Comerciais para LOCAÇÃO, Centro, TOLEDO - PR",Residencial,"R$ 5.500,00",,,,"145,00m²","Centro, TOLEDO - PR",https://www.maximizeimobiliaria.com.br/imovel/locacao/sala-comercial/toledo-pr/centro/salas-comerciais-para-locacao--centro--toledo---pr/715988,Maximize Imobiliária
Oportunidade de Locação no Centro de Toledo Residência e Sala Comercial,Residencial,"R$ 5.000,00",,3,,,"Centro, TOLEDO - PR",https://www.maximizeimobiliaria.com.br/imovel/locacao/sobrado/toledo-pr/centro/oportunidade-de-locacao-no-centro-de-toledo-residencia-e-sala-comercial/854996,Maximize Imobiliária
"Apartamento com 3 dormitórios à venda,108m , Centro, TOLEDO - PR",Residencial,"R$ 4.800,00","R$ 350,00",2,1,"200,00m²","Centro, TOLEDO - PR",https://www.maximizeimobiliaria.com.br/imovel/locacao/apartamento/toledo-pr/centro/apartamento-com-3-dormitorios-a-venda-108m---centro--toledo---pr/824836,Maximize Imobiliária
"Casa para locação, Jardim La Salle, TOLEDO - PR",Residencial,"R$ 4.500,00",,,,m²,"Jardim La Salle, TOLEDO - PR",https://www.maximizeimobiliaria.com.br/imovel/locacao/casa/toledo-pr/jardim-la-salle/casa-para-locacao--jardim-la-salle--toledo---pr/862014,Maximize Imobiliária
"Sala Comercial para locação, Jardim Coopagro, TOLEDO - PR",Residencial,"R$ 4.500,00","R$ 230,00",,,"90,67m²","Jardim Coopagro, TOLEDO - PR",https://www.maximizeimobiliaria.com.br/imovel/locacao/sala-comercial/toledo-pr/jardim-coopagro/sala-comercial-para-locacao--jardim-coopagro--toledo---pr/783280,Maximize Imobiliária
"Sobrado com 3 dormitórios para locação com piscina, Centro, TOLEDO - PR",Residencial,"R$ 3.900,00",,2,1,"170,00m²","Centro, TOLEDO - PR",https://www.maximizeimobiliaria.com.br/imovel/locacao/sobrado/toledo-pr/centro/sobrado-com-3-dormitorios-para-locacao-com-piscina--centro--toledo---pr/874103,Maximize Imobiliária
"Sala Comercial para locação,110.00 m , Centro, TOLEDO - PR",Residencial,"R$ 3.700,00","R$ 100,00",,,"110,00m²","Centro, TOLEDO - PR",https://www.maximizeimobiliaria.com.br/imovel/locacao/sala-comercial/toledo-pr/centro/sala-comercial-para-locacao-110-00-m---centro--toledo---pr/552059,Maximize Imobiliária
"Apartamento com 3 dormitórios para locação,216.99 m , TOLEDO - PR",Residencial,"R$ 3.600,00","R$ 300,00",2,1,"216,99m²","Jardim La Salle, TOLEDO - PR",https://www.maximizeimobiliaria.com.br/imovel/locacao/apartamento/toledo-pr/jardim-la-salle/apartamento-com-3-dormitorios-para-locacao-216-99-m---toledo---pr/554883,Maximize Imobiliária
"Sala para alugar, 149 m² por R$ 3.500/mês - Centro - Toledo/PR",Residencial,"R$ 3.500,00","R$ 230,00",,,"149,00m²","Centro, TOLEDO - PR",https://www.maximizeimobiliaria.com.br/imovel/locacao/sala-comercial/toledo-pr/centro/sala-comercial-para-locacao-149-00-m---centro--toledo---pr/547840,Maximize Imobiliária
"Sala Comercial para locação, com 140 metros aproximadamente, Centro, TOLEDO - PR",Residencial,"R$ 3.500,00",,,,"140,00m²","Centro, TOLEDO - PR",https://www.maximizeimobiliaria.com.br/imovel/locacao/sala-comercial/toledo-pr/centro/sala-comercial-para-locacao--com-140-metros-aproximadamente--centro--toledo---pr/555588,Maximize Imobiliária
"Barracão para locação no Centro de Toledo, 160 m ,  TOLEDO - PR",Residencial,"R$ 3.500,00",,,,"m²,","Centro, TOLEDO - PR",https://www.maximizeimobiliaria.com.br/imovel/locacao/barracao/toledo-pr/centro/barracao-para-locacao-no-centro-de-toledo--160-m----toledo---pr/855216,Maximize Imobiliária
"Sobrado com 3 dormitórios para locação,1065.40 m , TOLEDO - PR",Residencial,"R$ 3.350,00",,2,1,"1065,40m²","Jardim Porto Alegre, TOLEDO - PR",https://www.maximizeimobiliaria.com.br/imovel/locacao/sobrado/toledo-pr/jardim-porto-alegre/sobrado-com-3-dormitorios-para-locacao-1065-40-m---toledo---pr/561076,Maximize Imobiliária
"Sobrado, com 02 Suítes e 01 Quarto. Uma das suítes possui Closet com armários planejados e Ar Cond.",Residencial,"R$ 3.300,00",,,,m²,"Jardim Bressan, TOLEDO - PR",https://www.maximizeimobiliaria.com.br/imovel/locacao/sobrado/toledo-pr/jardim-bressan/sobrado--com-02-suites-e-01-quarto--uma-das-suites-possui-closet-com-armarios-planejados-e-ar-cond-/718633,Maximize Imobiliária
"Sala Comercial para locação, Jardim Coopagro, TOLEDO - PR",Residencial,"R$ 3.200,00","R$ 230,00",,,"57,29m²","Jardim Coopagro, TOLEDO - PR",https://www.maximizeimobiliaria.com.br/imovel/locacao/sala-comercial/toledo-pr/jardim-coopagro/sala-comercial-para-locacao--jardim-coopagro--toledo---pr/783288,Maximize Imobiliária
"Casa com 3 dormitórios para locação,450.00 m , Jardim Pancera, TOLEDO - PR",Residencial,"R$ 3.000,00",,2,1,"450,00m²","Jardim Pancera, TOLEDO - PR",https://www.maximizeimobiliaria.com.br/imovel/locacao/casa/toledo-pr/jardim-pancera/casa-com-3-dormitorios-para-locacao-450-00-m---jardim-pancera--toledo---pr/863000,Maximize Imobiliária
"Apartamento com 2 dormitórios para locação,90.72 m , TOLEDO - PR",Residencial,"R$ 3.000,00","R$ 350,00",,1,"90,72m²","Jardim La Salle, TOLEDO - PR",https://www.maximizeimobiliaria.com.br/imovel/locacao/apartamento/toledo-pr/jardim-la-salle/apartamento-com-2-dormitorios-para-locacao-90-72-m---toledo---pr/653622,Maximize Imobiliária
"Apartamento com 3 dormitórios para locação, Centro, TOLEDO - PR",Residencial,"R$ 3.000,00","R$ 300,00",2,1,140m²,"Centro, TOLEDO - PR",https://www.maximizeimobiliaria.com.br/imovel/locacao/apartamento/toledo-pr/centro/apartamento-com-3-dormitorios-para-locacao--centro--toledo---pr/808009,Maximize Imobiliária
"Apartamento com 3 dormitórios para locação, Centro, TOLEDO - PR",Residencial,"R$ 3.000,00","R$ 300,00",2,1,140m²,"Centro, TOLEDO - PR",https://www.maximizeimobiliaria.com.br/imovel/locacao/apartamento/toledo-pr/centro/apartamento-com-3-dormitorios-para-locacao--centro--toledo---pr/808010,Maximize Imobiliária
Locação Sala Comercial 100 m  - Centro - Em frente ao Terminal Rodoviário.,Residencial,"R$ 3.000,00",,,,m²,"Centro, TOLEDO - PR",https://www.maximizeimobiliaria.com.br/imovel/locacao/sala-comercial/toledo-pr/centro/locacao-sala-comercial-100-m----centro---em-frente-ao-terminal-rodoviario-/879699,Maximize Imobiliária
"Sala Comercial para locação, Centro, TOLEDO - PR",Residencial,"R$ 3.000,00","R$ 30,00",,,"95m²,","Centro, TOLEDO - PR",https://www.maximizeimobiliaria.com.br/imovel/locacao/sala-comercial/toledo-pr/centro/sala-comercial-para-locacao--centro--toledo---pr/552636,Maximize Imobiliária
"Casa para locação em Novo Sobradinho, distrito de Toledo, com uma suíte e mais dois quartos.",Residencial,"R$ 3.000,00",,,,"127,00m²","Novo Sobradinho, TOLEDO - PR",https://www.maximizeimobiliaria.com.br/imovel/locacao/casa/toledo-pr/novo-sobradinho/casa-para-locacao-em-novo-sobradinho--distrito-de-toledo--com-uma-suite-e-mais-dois-quartos-/822780,Maximize Imobiliária
"Sala Comercial para locação,70.00 m , Centro, TOLEDO - PR",Residencial,"R$ 2.900,00",,,,"70,00m²","Centro, TOLEDO - PR",https://www.maximizeimobiliaria.com.br/imovel/locacao/sala-comercial/toledo-pr/centro/sala-comercial-para-locacao-70-00-m---centro--toledo---pr/560395,Maximize Imobiliária
"Sala com 12,00   em Coworking no Edifício  Luxor -  Jardim Santa Maria - Próximo da Av. Cirne Lima -",Residencial,"R$ 2.800,00",,,,m²,"Jardim Santa Maria, TOLEDO - PR",https://www.maximizeimobiliaria.com.br/imovel/locacao/sala-comercial/toledo-pr/jardim-santa-maria/sala-com-12-00---em-coworking-no-edificio--luxor----jardim-santa-maria---proximo-da-av--cirne-lima--/810015,Maximize Imobiliária
"Comercial, Centro, TOLEDO - PR",Residencial,"R$ 2.800,00",,,,"70,00m²","Centro, TOLEDO - PR",https://www.maximizeimobiliaria.com.br/imovel/locacao/comercio/toledo-pr/centro/comercial--centro--toledo---pr/806781,Maximize Imobiliária
"Sala Comercial para locação, Jardim Coopagro, TOLEDO - PR",Residencial,"R$ 2.800,00","R$ 230,00",,,"41,20m²","Jardim Coopagro, TOLEDO - PR",https://www.maximizeimobiliaria.com.br/imovel/locacao/sala-comercial/toledo-pr/jardim-coopagro/sala-comercial-para-locacao--jardim-coopagro--toledo---pr/783267,Maximize Imobiliária
"Sala Comercial para locação, Jardim Coopagro, TOLEDO - PR",Residencial,"R$ 2.800,00","R$ 230,00",,,"58,50m²","Jardim Coopagro, TOLEDO - PR",https://www.maximizeimobiliaria.com.br/imovel/locacao/sala-comercial/toledo-pr/jardim-coopagro/sala-comercial-para-locacao--jardim-coopagro--toledo---pr/783284,Maximize Imobiliária
"Sala Comercial para locação, Jardim Coopagro, TOLEDO - PR",Residencial,"R$ 2.750,00","R$ 230,00",,,"57,17m²","Jardim Coopagro, TOLEDO - PR",https://www.maximizeimobiliaria.com.br/imovel/locacao/sala-comercial/toledo-pr/jardim-coopagro/sala-comercial-para-locacao--jardim-coopagro--toledo---pr/783287,Maximize Imobiliária
"Apartamento para locação, Centro, TOLEDO - PR",Residencial,"R$ 2.700,00",,,,m²,"Centro, TOLEDO - PR",https://www.maximizeimobiliaria.com.br/imovel/locacao/apartamento/toledo-pr/centro/apartamento-para-locacao--centro--toledo---pr/879708,Maximize Imobiliária
"Sala Comercial para locação, Jardim Coopagro, TOLEDO - PR",Residencial,"R$ 2.700,00","R$ 230,00",,,"58,50m²","Jardim Coopagro, TOLEDO - PR",https://www.maximizeimobiliaria.com.br/imovel/locacao/sala-comercial/toledo-pr/jardim-coopagro/sala-comercial-para-locacao--jardim-coopagro--toledo---pr/783282,Maximize Imobiliária
"Apartamento para locação, Tocantins, TOLEDO - PR",Residencial,"R$ 2.700,00","R$ 300,00",,,,"Tocantins, TOLEDO - PR",https://www.maximizeimobiliaria.com.br/imovel/locacao/apartamento/toledo-pr/tocantins/apartamento-para-locacao--tocantins--toledo---pr/860411,Maximize Imobiliária
"Casa para locação com 02 quartos e suite, Jardim Anápolis, TOLEDO - PR",Residencial,"R$ 2.600,00",,2,,"132,00m²","Jardim Anápolis, TOLEDO - PR",https://www.maximizeimobiliaria.com.br/imovel/locacao/casa/toledo-pr/jardim-anapolis/casa-para-locacao-com-02-quartos-e-suite--jardim-anapolis--toledo---pr/851715,Maximize Imobiliária
"Sala Comercial para locação, Jardim Coopagro, TOLEDO - PR",Residencial,"R$ 2.550,00","R$ 230,00",,,"49,60m²","Jardim Coopagro, TOLEDO - PR",https://www.maximizeimobiliaria.com.br/imovel/locacao/sala-comercial/toledo-pr/jardim-coopagro/sala-comercial-para-locacao--jardim-coopagro--toledo---pr/783286,Maximize Imobiliária
Sala com 10 m   em Coworking no Edifício  Luxor - Jardim Santa Maria - Próximo da Av. Cirne Lima,Residencial,"R$ 2.500,00",,,,m²,"Jardim Santa Maria, TOLEDO - PR",https://www.maximizeimobiliaria.com.br/imovel/locacao/sala-comercial/toledo-pr/jardim-santa-maria/sala-com-10-m---em-coworking-no-edificio--luxor---jardim-santa-maria---proximo-da-av--cirne-lima/799237,Maximize Imobiliária
"Apartamento para locação com 02 quartos, Vila Industrial, TOLEDO - PR",Residencial,"R$ 2.500,00","R$ 320,00",2,,"80,00m²","Vila Industrial, TOLEDO - PR",https://www.maximizeimobiliaria.com.br/imovel/locacao/apartamento/toledo-pr/vila-industrial/apartamento-para-locacao-com-02-quartos--vila-industrial--toledo---pr/877348,Maximize Imobiliária
"Apartamento para locação com 02 quartos e cozinha, Vila Industrial, TOLEDO - PR",Residencial,"R$ 2.500,00","R$ 280,00",2,,"70,00m²","Vila Industrial, TOLEDO - PR",https://www.maximizeimobiliaria.com.br/imovel/locacao/apartamento/toledo-pr/vila-industrial/apartamento-para-locacao-com-02-quartos-e-cozinha--vila-industrial--toledo---pr/867202,Maximize Imobiliária
"Sala Comercial para locação, Jardim Coopagro, TOLEDO - PR",Residencial,"R$ 2.500,00","R$ 230,00",,,"41,20m²","Jardim Coopagro, TOLEDO - PR",https://www.maximizeimobiliaria.com.br/imovel/locacao/sala-comercial/toledo-pr/jardim-coopagro/sala-comercial-para-locacao--jardim-coopagro--toledo---pr/783270,Maximize Imobiliária
"Sala Comercial para locação, Jardim Coopagro, TOLEDO - PR",Residencial,"R$ 2.500,00","R$ 230,00",,,"41,20m²","Jardim Coopagro, TOLEDO - PR",https://www.maximizeimobiliaria.com.br/imovel/locacao/sala-comercial/toledo-pr/jardim-coopagro/sala-comercial-para-locacao--jardim-coopagro--toledo---pr/783272,Maximize Imobiliária
"Sala Comercial para locação, Jardim Coopagro, TOLEDO - PR",Residencial,"R$ 2.500,00","R$ 230,00",,,"41,20m²","Jardim Coopagro, TOLEDO - PR",https://www.maximizeimobiliaria.com.br/imovel/locacao/sala-comercial/toledo-pr/jardim-coopagro/sala-comercial-para-locacao--jardim-coopagro--toledo---pr/783273,Maximize Imobiliária
"Sala Comercial para locação, Jardim Coopagro, TOLEDO - PR",Residencial,"R$ 2.500,00","R$ 230,00",,,"41,20m²","Jardim Coopagro, TOLEDO - PR",https://www.maximizeimobiliaria.com.br/imovel/locacao/sala-comercial/toledo-pr/jardim-coopagro/sala-comercial-para-locacao--jardim-coopagro--toledo---pr/783274,Maximize Imobiliária
"Apartamento 122,49m   uma suíte e mais 2 quartos, sala e cozinha, lavanderia, sacada, banheiro socia",Residencial,"R$ 2.500,00",,,,"m²,","Centro, TOLEDO - PR",https://www.maximizeimobiliaria.com.br/imovel/locacao/apartamento/toledo-pr/centro/apartamento-122-49m---uma-suite-e-mais-2-quartos--sala-e-cozinha--lavanderia--sacada--banheiro-socia/855211,Maximize Imobiliária
"Sala comercial para locação, com 70 m , com banheiro, no Jardim Porto Alegre, Toledo-PR",Residencial,"R$ 2.500,00",,,,"70,00m²","Jardim Porto Alegre, TOLEDO - PR",https://www.maximizeimobiliaria.com.br/imovel/locacao/sala-comercial/toledo-pr/jardim-porto-alegre/sala-comercial-para-locacao--com-70-m---com-banheiro--no-jardim-porto-alegre--toledo-pr/762594,Maximize Imobiliária
"Casa para locação com 03 quartos, Vila Industrial, TOLEDO - PR",Residencial,"R$ 2.200,00",,3,,"95,00m²","Vila Industrial, TOLEDO - PR",https://www.maximizeimobiliaria.com.br/imovel/locacao/casa/toledo-pr/vila-industrial/casa-para-locacao-com-03-quartos--vila-industrial--toledo---pr/872600,Maximize Imobiliária
"Apartamento Mobiliado para locação, Vila Becker, TOLEDO - PR",Residencial,"R$ 2.150,00","R$ 260,00",2,,"74,00m²","Vila Becker, TOLEDO - PR",https://www.maximizeimobiliaria.com.br/imovel/locacao/apartamento/toledo-pr/vila-becker/apartamento-mobiliado-para-locacao--vila-becker--toledo---pr/838603,Maximize Imobiliária
"Sala comercial para locação, Centro, TOLEDO - PR",Residencial,"R$ 2.100,00",,,,"60,00m²","Centro, TOLEDO - PR",https://www.maximizeimobiliaria.com.br/imovel/locacao/sala-comercial/toledo-pr/centro/sala-comercial-para-locacao--centro--toledo---pr/718363,Maximize Imobiliária
"Casa para locação, Jardim Porto Alegre, TOLEDO - PR",Residencial,"R$ 2.100,00",,,,,"Jardim Porto Alegre, TOLEDO - PR",https://www.maximizeimobiliaria.com.br/imovel/locacao/casa/toledo-pr/jardim-porto-alegre/casa-para-locacao--jardim-porto-alegre--toledo---pr/601693,Maximize Imobiliária
"Apartamento para locação com 02 quartos, Jardim La Salle, TOLEDO - PR",Residencial,"R$ 2.000,00","R$ 300,00",2,,"63,76m²","Jardim La Salle, TOLEDO - PR",https://www.maximizeimobiliaria.com.br/imovel/locacao/apartamento/toledo-pr/jardim-la-salle/apartamento-para-locacao-com-02-quartos--jardim-la-salle--toledo---pr/664351,Maximize Imobiliária
"Sala Comercial para locação, Centro, TOLEDO - PR",Residencial,"R$ 2.000,00","R$ 250,00",,,m²,"Centro, TOLEDO - PR",https://www.maximizeimobiliaria.com.br/imovel/locacao/sala-comercial/toledo-pr/centro/sala-comercial-para-locacao--centro--toledo---pr/860771,Maximize Imobiliária
"Apartamento para locação, Jardim Porto Alegre, TOLEDO - PR",Residencial,"R$ 1.900,00",,2,,"58,00m²","Jardim Porto Alegre, TOLEDO - PR",https://www.maximizeimobiliaria.com.br/imovel/locacao/apartamento/toledo-pr/jardim-porto-alegre/apartamento-para-locacao--jardim-porto-alegre--toledo---pr/873462,Maximize Imobiliária
"Apartamento com 4 dormitórios para locação, Centro, TOLEDO - PR",Residencial,"R$ 1.850,00","R$ 490,00",4,1,,"Centro, TOLEDO - PR",https://www.maximizeimobiliaria.com.br/imovel/locacao/apartamento/toledo-pr/centro/apartamento-com-4-dormitorios-para-locacao--centro--toledo---pr/586012,Maximize Imobiliária
"Sala Comercial para locação, Novo Sobradinho, TOLEDO - PR",Residencial,"R$ 1.800,00",,,,"120,00m²","Novo Sobradinho, TOLEDO - PR",https://www.maximizeimobiliaria.com.br/imovel/locacao/sala-comercial/toledo-pr/novo-sobradinho/sala-comercial-para-locacao--novo-sobradinho--toledo---pr/847691,Maximize Imobiliária
"Apartamento para locação, Vila Industrial, com condomínio incluso, TOLEDO - PR",Residencial,"R$ 1.800,00",,2,,"57,45m²","Vila Industrial, TOLEDO - PR",https://www.maximizeimobiliaria.com.br/imovel/locacao/apartamento/toledo-pr/vila-industrial/apartamento-para-locacao--vila-industrial--com-condominio-incluso--toledo---pr/859987,Maximize Imobiliária
"Casa para locação, Jardim Concórdia, TOLEDO - PR",Residencial,"R$ 1.750,00",,2,,"54,96m²","Jardim Concórdia, TOLEDO - PR",https://www.maximizeimobiliaria.com.br/imovel/locacao/casa/toledo-pr/jardim-concordia/casa-para-locacao--jardim-concordia--toledo---pr/680677,Maximize Imobiliária
"Sala Comercial para locação, Vila Industrial, TOLEDO - PR",Residencial,"R$ 1.685,00",,,,42m²,"Vila Industrial, TOLEDO - PR",https://www.maximizeimobiliaria.com.br/imovel/locacao/sala-comercial/toledo-pr/vila-industrial/sala-comercial-para-locacao--vila-industrial--toledo---pr/836100,Maximize Imobiliária
"Apartamento com 1 dormitório para alugar, Centro Toledo/PR",Residencial,"R$ 1.650,00","R$ 300,00",,,"55,65m²","Centro, TOLEDO - PR",https://www.maximizeimobiliaria.com.br/imovel/locacao/apartamento/toledo-pr/centro/apartamento-com-1-dormitorio-para-locacao-55-65-m---centro--toledo---pr/865152,Maximize Imobiliária
Casa Semi Mobiliada com 02 quartos - 01 Bwc - Sala e cozinha integradas -,Residencial,"R$ 1.600,00",,2,,"103,00m²","Jardim Concórdia, TOLEDO - PR",https://www.maximizeimobiliaria.com.br/imovel/locacao/casa/toledo-pr/jardim-concordia/casa-semi-mobiliada-com-02-quartos---01-bwc---sala-e-cozinha-integradas--/595093,Maximize Imobiliária
"Casa com 2 dormitórios para locação,135.00 m , Vila Operária, TOLEDO - PR",Residencial,"R$ 1.600,00",,,1,"135,00m²","Vila Operária, TOLEDO - PR",https://www.maximizeimobiliaria.com.br/imovel/locacao/casa/toledo-pr/vila-operaria/casa-com-2-dormitorios-para-locacao-135-00-m---vila-operaria--toledo---pr/555687,Maximize Imobiliária
Apartamento com 02 quartos na Vila Industrial,Residencial,"R$ 1.600,00","R$ 300,00",2,,"70,53m²","Vila Industrial, TOLEDO - PR",https://www.maximizeimobiliaria.com.br/imovel/locacao/apartamento/toledo-pr/vila-industrial/apartamento-com-02-quartos-na-vila-industrial/812999,Maximize Imobiliária
"Casa com 2 dormitórios para alugar, 57 m² - Coopagro - Toledo/PR",Residencial,"R$ 1.500,00",,2,,"70,00m²","Jardim Coopagro, TOLEDO - PR",https://www.maximizeimobiliaria.com.br/imovel/locacao/casa/toledo-pr/jardim-coopagro/casa-com-2-dormitorios-para-locacao-70-00-m---coopagro--toledo---pr/879368,Maximize Imobiliária
"Casa com 2 dormitórios para alugar, 49 m²  - Vila Industrial",Residencial,"R$ 1.500,00",,2,,"83,73m²","Vila Industrial, TOLEDO - PR",https://www.maximizeimobiliaria.com.br/imovel/locacao/casa/toledo-pr/vila-industrial/casa-com-2-dormitorios-para-locacao-83-73-m---vila-industrial--toledo---pr/560218,Maximize Imobiliária
"Apartamento com 2 dormitórios para locação,76.00 m , TOLEDO - PR",Residencial,"R$ 1.500,00","R$ 300,00",2,,"76,00m²","Jardim Porto Alegre, TOLEDO - PR",https://www.maximizeimobiliaria.com.br/imovel/locacao/apartamento/toledo-pr/jardim-porto-alegre/apartamento-com-2-dormitorios-para-locacao-76-00-m---toledo---pr/559800,Maximize Imobiliária
"Casa para locação, Vila Pioneiro, TOLEDO - PR",Residencial,"R$ 1.450,00",,2,,"99,00m²","Vila Pioneiro, TOLEDO - PR",https://www.maximizeimobiliaria.com.br/imovel/locacao/casa/toledo-pr/vila-pioneiro/casa-para-locacao--vila-pioneiro--toledo---pr/866598,Maximize Imobiliária
"Sala para alugar, 60 m² - Centro - Toledo/PR",Residencial,"R$ 1.400,00","R$ 200,00",,,"60,00m²;","Centro, TOLEDO - PR",https://www.maximizeimobiliaria.com.br/imovel/locacao/sala-comercial/toledo-pr/centro/sala-comercial-para-locacao--centro--toledo---pr/559921,Maximize Imobiliária
"Apartamento para locação, localizado na Vila Industrial, Toledo - PR",Residencial,"R$ 1.350,00","R$ 300,00",,,"70,53m²","Vila Industrial, TOLEDO - PR",https://www.maximizeimobiliaria.com.br/imovel/locacao/apartamento/toledo-pr/vila-industrial/apartamento-para-locacao--localizado-na-vila-industrial--toledo---pr/825267,Maximize Imobiliária
"Sala para alugar, 37 m² por R$ 1.300,00/mês - Centro - Toledo/PR",Residencial,"R$ 1.300,00","R$ 150,00",,,"37,00m²","Centro, TOLEDO - PR",https://www.maximizeimobiliaria.com.br/imovel/locacao/sala-comercial/toledo-pr/centro/sala-comercial-para-locacao-37-00-m---centro--toledo---pr/598045,Maximize Imobiliária
"Apartamento para locação, Jardim Coopagro, TOLEDO - PR",Residencial,"R$ 1.300,00","R$ 270,00",2,,"78,80m²","Jardim Coopagro, TOLEDO - PR",https://www.maximizeimobiliaria.com.br/imovel/locacao/apartamento/toledo-pr/jardim-coopagro/apartamento-para-locacao--jardim-coopagro--toledo---pr/683173,Maximize Imobiliária
"Sala Comercial para locação, na área Central, TOLEDO - PR",Residencial,"R$ 1.300,00",,,,"20,00m²","Centro, TOLEDO - PR",https://www.maximizeimobiliaria.com.br/imovel/locacao/sala-comercial/toledo-pr/centro/sala-comercial-para-locacao--na-area-central--toledo---pr/861162,Maximize Imobiliária
"Casa com 2 dormitórios para locação, Jardim Alto Alegre, TOLEDO - PR",Residencial,"R$ 1.300,00",,,1,"55,00m²","Jardim Alto Alegre, TOLEDO - PR",https://www.maximizeimobiliaria.com.br/imovel/locacao/casa/toledo-pr/jardim-alto-alegre/casa-com-2-dormitorios-para-locacao--jardim-alto-alegre--toledo---pr/860158,Maximize Imobiliária
Apartamento com 2 quartos e ótima localização no Jardim Pancera - Toledo|PR,Residencial,"R$ 1.200,00","R$ 250,00",2,,"83,47m²","Jardim Pancera, TOLEDO - PR",https://www.maximizeimobiliaria.com.br/imovel/locacao/apartamento/toledo-pr/jardim-pancera/apartamento-com-2-quartos-e-otima-localizacao-no-jardim-pancera---toledo-pr/698729,Maximize Imobiliária
"Apartamento com 2 dormitórios, Jardim La Salle, TOLEDO - PR",Residencial,"R$ 1.200,00","R$ 150,00",2,,50m²,"Jardim La Salle, TOLEDO - PR",https://www.maximizeimobiliaria.com.br/imovel/locacao/apartamento/toledo-pr/jardim-la-salle/apartamento-com-2-dormitorios--jardim-la-salle--toledo---pr/560246,Maximize Imobiliária
"Sala Comercial para locação, Jardim Gisela, TOLEDO - PR",Residencial,"R$ 1.100,00","R$ 150,00",,,"19,14m²,","Jardim Gisela, TOLEDO - PR",https://www.maximizeimobiliaria.com.br/imovel/locacao/sala-comercial/toledo-pr/jardim-gisela/sala-comercial-para-locacao--jardim-gisela--toledo---pr/867896,Maximize Imobiliária
"Apartamento com 2 dormitórios para alugar, Vila Industrial",Residencial,"R$ 1.100,00","R$ 280,00",2,,"54,00m²","Vila Industrial, TOLEDO - PR",https://www.maximizeimobiliaria.com.br/imovel/locacao/apartamento/toledo-pr/vila-industrial/apartamento-com-2-dormitorios-para-locacao-73-67-m---toledo---pr/569039,Maximize Imobiliária
"Apartamento com 2 dormitórios para alugar, 53 m²  - Panorama TOLEDO - PR",Residencial,"R$ 1.050,00","R$ 300,00",2,,"58,85m²","Jardim Panorama, TOLEDO - PR",https://www.maximizeimobiliaria.com.br/imovel/locacao/apartamento/toledo-pr/jardim-panorama/apartamento-com-2-dormitorios-para-locacao-58-85-m---toledo---pr/573535,Maximize Imobiliária
"Apartamento com 1 dormitório para alugar, 40 m² , Biopark - TOLEDO - PR",Residencial,"R$ 950,00","R$ 250,00",,,"62,00m²","Biopark, TOLEDO - PR",https://www.maximizeimobiliaria.com.br/imovel/locacao/apartamento/toledo-pr/biopark/apartamento-com-1-dormitorio-62-00-m---biopark--toledo---pr/559918,Maximize Imobiliária
"Sala Comercial para locação, Ciro Nardi, CASCAVEL - PR",Residencial,"R$ 950,00","R$ 220,00",,,m²,"Ciro Nardi, CASCAVEL - PR",https://www.maximizeimobiliaria.com.br/imovel/locacao/sala-comercial/cascavel-pr/ciro-nardi/sala-comercial-para-locacao--ciro-nardi--cascavel---pr/671592,Maximize Imobiliária
Apartamento com 2 dormitórios para alugar - Vila Becker - Tole,Residencial,"R$ 950,00","R$ 250,00",2,,"60,00m²","Vila Becker, TOLEDO - PR",https://www.maximizeimobiliaria.com.br/imovel/locacao/apartamento/toledo-pr/vila-becker/apartamento-com-2-dormitorios-para-locacao--vila-becker--toledo---pr/562028,Maximize Imobiliária
"Sala Comercial para locação, Ciro Nardi, CASCAVEL - PR",Residencial,"R$ 950,00","R$ 220,00",,,m²,"Ciro Nardi, CASCAVEL - PR",https://www.maximizeimobiliaria.com.br/imovel/locacao/sala-comercial/cascavel-pr/ciro-nardi/sala-comercial-para-locacao--ciro-nardi--cascavel---pr/671870,Maximize Imobiliária
"Sala Comercial para locação, Ciro Nardi, CASCAVEL - PR",Residencial,"R$ 950,00","R$ 220,00",,,m²,"Ciro Nardi, CASCAVEL - PR",https://www.maximizeimobiliaria.com.br/imovel/locacao/sala-comercial/cascavel-pr/ciro-nardi/sala-comercial-para-locacao--ciro-nardi--cascavel---pr/671931,Maximize Imobiliária
"Sala Comercial para locação, Ciro Nardi, CASCAVEL - PR",Residencial,"R$ 950,00","R$ 220,00",,,m²,"Ciro Nardi, CASCAVEL - PR",https://www.maximizeimobiliaria.com.br/imovel/locacao/sala-comercial/cascavel-pr/ciro-nardi/sala-comercial-para-locacao--ciro-nardi--cascavel---pr/671934,Maximize Imobiliária
"Sala Comercial para locação, Ciro Nardi, CASCAVEL - PR",Residencial,"R$ 950,00","R$ 220,00",,,m²,"Ciro Nardi, CASCAVEL - PR",https://www.maximizeimobiliaria.com.br/imovel/locacao/sala-comercial/cascavel-pr/ciro-nardi/sala-comercial-para-locacao--ciro-nardi--cascavel---pr/671938,Maximize Imobiliária
"Sala Comercial para locação, Ciro Nardi, CASCAVEL - PR",Residencial,"R$ 950,00","R$ 220,00",,,m²,"Ciro Nardi, CASCAVEL - PR",https://www.maximizeimobiliaria.com.br/imovel/locacao/sala-comercial/cascavel-pr/ciro-nardi/sala-comercial-para-locacao--ciro-nardi--cascavel---pr/671943,Maximize Imobiliária
"Sala para alugar, 120 m² por R$ 900,00/mês - Jardim Europa - Toledo/PR",Residencial,"R$ 900,00",,,,"120,00m²","Jardim Europa, TOLEDO - PR",https://www.maximizeimobiliaria.com.br/imovel/locacao/sala-comercial/toledo-pr/jardim-europa/sala-comercial-para-locacao-120-00-m---jardim-europa--toledo---pr/547898,Maximize Imobiliária
"Garagem para locação,12.00 m , Centro, TOLEDO - PR",Residencial,"R$ 200,00",,,,"12,00m²","Centro, TOLEDO - PR",https://www.maximizeimobiliaria.com.br/imovel/locacao/garagem/toledo-pr/centro/garagem-para-locacao-12-00-m---centro--toledo---pr/562486,Maximize Imobiliária
"Garagem para locação,14.00 m , Centro, TOLEDO - PR",Residencial,"R$ 200,00",,,,"14,00m²","Centro, TOLEDO - PR",https://www.maximizeimobiliaria.com.br/imovel/locacao/garagem/toledo-pr/centro/garagem-para-locacao-14-00-m---centro--toledo---pr/548421,Maximize Imobiliária
"Garagem para locação,14.00 m , Centro, TOLEDO - PR",Residencial,"R$ 200,00",,,,"14,00m²","Centro, TOLEDO - PR",https://www.maximizeimobiliaria.com.br/imovel/locacao/garagem/toledo-pr/centro/garagem-para-locacao-14-00-m---centro--toledo---pr/548001,Maximize Imobiliária
"Garagem para locação,12.00 m , Centro, TOLEDO - PR",Residencial,"R$ 200,00",,,,"12,00m²","Centro, TOLEDO - PR",https://www.maximizeimobiliaria.com.br/imovel/locacao/garagem/toledo-pr/centro/garagem-para-locacao-12-00-m---centro--toledo---pr/548325,Maximize Imobiliária
"Chácara, Zona Rural, TOLEDO - PR",Residencial,"""Consulte-nos""",,,,"500,00m²","Zona Rural, TOLEDO - PR",https://www.maximizeimobiliaria.com.br/imovel/locacao/chacara/toledo-pr/zona-rural/chacara--zona-rural--toledo---pr/677468,Maximize Imobiliária
"Sala Comercial, Centro, TOLEDO - PR",Residencial,"""Consulte-nos""",,,,"1300,00m²","Centro, TOLEDO - PR",https://www.maximizeimobiliaria.com.br/imovel/locacao/sala-comercial/toledo-pr/centro/sala-comercial--centro--toledo---pr/823443,Maximize Imobiliária
