Titulo do imóvel,Tipo,Preço,Valor Condominio,Quartos,Suítes,Área Total,Bairro,Link para o anúncio,Origem
Sala Comercial Para Locação No Edifício Thielke,Sala Comercial,900,0,0,0,20.0,jardim coopagro,https://www.imobiliariagiaretta.com.br/imovel/locacao/sala-comercial/toledo/jardim-coopagro/sala-comercial-para-locacao-no-edificio-thielke--jardim-coopagro--toledo---pr/877038,Imobiliária Giaretta
Sala Comercial Para Locação Em Ótima Localização,Sala Comercial,950,0,0,0,42.0,jardim gisela,https://www.imobiliariagiaretta.com.br/imovel/locacao/sala-comercial/toledo/jardim-gisela/sala-comercial-para-locacao-em-otima-localizacao--jardim-gisela--toledo---pr/800590,Imobiliária Giaretta
Apartamento Amplo Para Locação,Residencial,1250,250,2,0,80.0,centro,https://www.imobiliariagiaretta.com.br/imovel/locacao/apartamento/toledo/centro/apartamento-amplo-para-locacao--edificio-rui-barbosa--centro--toledo---pr/222469,Imobiliária Giaretta
Apartamento Para Locação,Residencial,1300,250,2,0,74.0,vila operaria,https://www.imobiliariagiaretta.com.br/imovel/locacao/apartamento/toledo/vila-operaria/apartamento-para-locacao--no-condominio-san-luigi--vila-operaria--toledo---pr/870146,Imobiliária Giaretta
Apartamento Disponível Para Locação,Residencial,1350,140,2,0,79.0,jardim coopagro,https://www.imobiliariagiaretta.com.br/imovel/locacao/apartamento/toledo/jardim-coopagro/apartamento-disponivel-para-locacao--condominio-bono--jardim-coopagro--toledo-pr/876208,Imobiliária Giaretta
Terreno Amplo Disponível Para Locação No Jardim Panorama Ii,Terreno,1350,0,0,0,750.0,jardim panorama,https://www.imobiliariagiaretta.com.br/imovel/locacao/terreno/toledo/jardim-panorama/terreno-amplo-disponivel-para-locacao-no-jardim-panorama-ii--toledo---pr/852657,Imobiliária Giaretta
Apartamento Amplo Para Locação No Edifício San Mar,Residencial,1400,300,1,1,98.0,jardim coopagro,https://www.imobiliariagiaretta.com.br/imovel/locacao/apartamento/toledo/jardim-coopagro/apartamento-amplo-para-locacao-no-edificio-san-mar--jardim-coopagro--toledo-pr/870426,Imobiliária Giaretta
Apartamento Amplo E Bem Localizado Disponível Para Locação,Residencial,1400,400,2,1,70.0,centro,https://www.imobiliariagiaretta.com.br/imovel/locacao/apartamento/toledo/centro/apartamento-amplo-e-bem-localizado-disponivel-para-locacao--centro--toledo---pr/564001,Imobiliária Giaretta
Apartamento Para Locação No Edifício Montreal,Residencial,1480,250,1,1,70.0,centro,https://www.imobiliariagiaretta.com.br/imovel/locacao/apartamento/toledo/centro/apartamento-para-locacao-no-edificio-montreal--centro--toledo---pr/758954,Imobiliária Giaretta
Apartamento Amplo Para Locação No Edifício Podolan,Residencial,1490,380,2,0,71.0,centro,https://www.imobiliariagiaretta.com.br/imovel/locacao/apartamento/toledo/centro/apartamento-amplo-para-locacao-no-edificio-podolan--centro--toledo---pr/154392,Imobiliária Giaretta
Apartamento Com Excelente Localização Para Locação,Residencial,1490,270,1,1,78.0,vila industrial,https://www.imobiliariagiaretta.com.br/imovel/locacao/apartamento/toledo/vila-industrial/apartamento-com-excelente-localizacao-para-locacao--vila-industrial--toledo---pr/857418,Imobiliária Giaretta
Casa Ampla Para Locação Em Excelente Localização,Residencial,1500,0,2,0,58.0,vila operaria,https://www.imobiliariagiaretta.com.br/imovel/locacao/casa/toledo/vila-operaria/casa-ampla-para-locacao-em-excelente-localizacao--vila-operaria--toledo---pr/876361,Imobiliária Giaretta
Apartamento Amplo Para Locação,Residencial,1500,350,2,0,96.0,jardim pancera,https://www.imobiliariagiaretta.com.br/imovel/locacao/apartamento/toledo/jardim-pancera/apartamento-amplo-para-locacao--edificio-joao-e-maria--jardim-pancera--toledo-pr/343380,Imobiliária Giaretta
Casa Nova Em Ótima Localização Para Locação,Residencial,1500,0,1,1,57.0,jardim são francisco,https://www.imobiliariagiaretta.com.br/imovel/locacao/casa/toledo/jardim-sao-francisco/casa-nova-em-otima-localizacao-para-locacao--jardim-sao-francisco--toledo-pr/869021,Imobiliária Giaretta
Sala Comercial Ampla Para Locação Em Excelente Localização,Sala Comercial,1500,0,0,0,40.0,centro,https://www.imobiliariagiaretta.com.br/imovel/locacao/sala-comercial/toledo/centro/sala-comercial-ampla-para-locacao-em-excelente-localizacao--centro--toledo---pr/876489,Imobiliária Giaretta
Sala Comercial Para Locação Ótima Localização,Sala Comercial,1500,0,0,0,100.0,centro,https://www.imobiliariagiaretta.com.br/imovel/locacao/sala-comercial/toledo/centro/sala-comercial-para-locacao-otima-localizacao--centro--toledo---pr/776414,Imobiliária Giaretta
Apartamento Para Locação No Residencial Interlagos,Residencial,1550,250,2,0,73.0,jardim tocantins,https://www.imobiliariagiaretta.com.br/imovel/locacao/apartamento/toledo/jardim-tocantins/apartamento-para-locacao-no-residencial-interlagos--jd--tocantins--toledo---pr/282148,Imobiliária Giaretta
Casa Com Excelente Localização Para Locação,Residencial,1550,0,2,0,49.0,jardim são francisco,https://www.imobiliariagiaretta.com.br/imovel/locacao/casa/toledo/jardim-sao-francisco/casa-com-excelente-localizacao-para-locacao--jardim-sao-francisco--toledo---pr/566219,Imobiliária Giaretta
Apartamento Novo Disponível Para Locação Na Vila Becker,Residencial,1590,350,1,1,127.0,vila becker,https://www.imobiliariagiaretta.com.br/imovel/locacao/apartamento/toledo/vila-becker/apartamento-novo-disponivel-para-locacao-na-vila-becker--toledo---pr/778237,Imobiliária Giaretta
Sobrado Amplo Para Locação Em Ótima Localização,Residencial,1600,0,1,1,81.0,centro,https://www.imobiliariagiaretta.com.br/imovel/locacao/sobrado/toledo/centro/sobrado-amplo-para-locacao-em-otima-localizacao--centro--toledo---pr/877523,Imobiliária Giaretta
Casa Disponível Para Locação Na Vila Pioneiro,Residencial,1600,0,3,0,68.0,vila pioneiro,https://www.imobiliariagiaretta.com.br/imovel/locacao/casa/toledo/vila-pioneiro/casa-disponivel-para-locacao-na-vila-pioneiro--toledo---pr/877306,Imobiliária Giaretta
Sala Comercial Para Locação Em Ótima Localização Na Vila Industrial,Sala Comercial,1800,215,0,0,49.0,vila industrial,https://www.imobiliariagiaretta.com.br/imovel/locacao/sala-comercial/toledo/vila-industrial/sala-comercial-para-locacao-em-otima-localizacao-na-vila-industrial--toledo---pr/873886,Imobiliária Giaretta
Sala Comercial Para Locação No Corporativo Toledo,Sala Comercial,1800,0,0,0,111.0,centro,https://www.imobiliariagiaretta.com.br/imovel/locacao/sala-comercial/toledo/centro/sala-comercial-para-locacao-no-corporativo-toledo--centro--toledo---pr/769443,Imobiliária Giaretta
Apartamento Para Locação,Residencial,1800,0,2,0,75.0,jardim são francisco,https://www.imobiliariagiaretta.com.br/imovel/locacao/apartamento/toledo/jardim-sao-francisco/apartamento-para-locacao--jardim-sao-francisco--toledo---pr/607424,Imobiliária Giaretta
Apartamento No Forte Dos Lagos Para Locação Na Vila Industrial,Residencial,1850,300,2,0,58.0,vila industrial,https://www.imobiliariagiaretta.com.br/imovel/locacao/apartamento/toledo/vila-industrial/apartamento-no-forte-dos-lagos-para-locacao-na-vila-industrial--toledo---pr/838194,Imobiliária Giaretta
Apartamento Amplo Para Locação No Edifício Znt Equador,Residencial,1850,0,1,1,90.0,jardim gisela,https://www.imobiliariagiaretta.com.br/imovel/locacao/apartamento/toledo/jardim-gisela/apartamento-amplo-para-locacao-no-edificio-znt-equador--jardim-gisela--toledo-pr/873881,Imobiliária Giaretta
Apartamento Novo Para Locação Em Ótima Localização,Residencial,1850,250,1,1,92.0,jardim concordia,https://www.imobiliariagiaretta.com.br/imovel/locacao/apartamento/toledo/jardim-concordia/apartamento-novo-para-locacao-em-otima-localizacao--jardim-concordia--toledo-pr/541393,Imobiliária Giaretta
Apartamento Com Excelente Localização Para Locação,Residencial,2000,100,2,0,82.0,centro,https://www.imobiliariagiaretta.com.br/imovel/locacao/apartamento/toledo/centro/apartamento-com-excelente-localizacao-para-locacao--centro--toledo---pr/870208,Imobiliária Giaretta
Casa Moderna Disponível Para Locação No Jardim São Francisco,Residencial,2000,0,2,0,64.0,jardim são francisco,https://www.imobiliariagiaretta.com.br/imovel/locacao/casa/toledo/jardim-sao-francisco/casa-moderna-disponivel-para-locacao-no-jardim-sao-francisco--toledo-pr/714147,Imobiliária Giaretta
Sobrado Amplo Para Locação Em Excelente Localização,Residencial,2000,0,2,1,104.0,vila becker,https://www.imobiliariagiaretta.com.br/imovel/locacao/sobrado/toledo/vila-becker/sobrado-amplo-para-locacao-em-excelente-localizacao--vila-becker--toledo-pr/106221,Imobiliária Giaretta
Apartamento Amplo Para Locação No Edifício Gaivotas,Residencial,2000,380,2,1,111.0,centro,https://www.imobiliariagiaretta.com.br/imovel/locacao/apartamento/toledo/centro/apartamento-amplo-para-locacao-no-edificio-gaivotas--centro--toledo---pr/431868,Imobiliária Giaretta
Sala Comercial Para Locação,Sala Comercial,2100,400,0,0,49.0,centro,https://www.imobiliariagiaretta.com.br/imovel/locacao/sala-comercial/toledo/centro/sala-comercial-para-locacao--edificio-corporativo-taipas--centro--toledo---pr/861855,Imobiliária Giaretta
Sobrado Amplo Para Locação Em Ótima Localização,Residencial,2200,0,2,1,110.0,jardim bressan,https://www.imobiliariagiaretta.com.br/imovel/locacao/sobrado/toledo/jardim-bressan/sobrado-amplo-para-locacao-em-otima-localizacao--jardim-bressan--toledo-pr/422690,Imobiliária Giaretta
Apartamento Amplo Para Locação Residencial Porto Belo,Residencial,2200,300,1,1,109.0,jardim pancera,https://www.imobiliariagiaretta.com.br/imovel/locacao/apartamento/toledo/jardim-pancera/apartamento-amplo-para-locacao-residencial-porto-belo--jardim-pancera--toledo-pr/876362,Imobiliária Giaretta
Apartamento Para Locação No Ed. Znt Borges De Medeiros,Residencial,2200,300,1,1,114.0,jardim gisela,https://www.imobiliariagiaretta.com.br/imovel/locacao/apartamento/toledo/jardim-gisela/apartamento-para-locacao-no-ed--znt-borges-de-medeiros--jardim-gisela--toledo-pr/861633,Imobiliária Giaretta
Sala Comercial Para Locação,Sala Comercial,2390,400,0,0,37.0,centro,https://www.imobiliariagiaretta.com.br/imovel/locacao/sala-comercial/toledo/centro/sala-comercial-para-locacao--centro--toledo---pr-no-edificio-coorporativo-taipas/832013,Imobiliária Giaretta
Sala Comercial Para Locação,Sala Comercial,2390,320,0,0,37.0,centro,https://www.imobiliariagiaretta.com.br/imovel/locacao/sala-comercial/toledo/centro/sala-comercial-para-locacao--centro--toledo---pr-no-edificio-coorporativo-taipas/832015,Imobiliária Giaretta
Apartamento Para Locação No Edifício Portal Do Lago,Residencial,2390,350,2,1,100.0,centro,https://www.imobiliariagiaretta.com.br/imovel/locacao/apartamento/toledo/centro/apartamento-para-locacao-no-edificio-portal-do-lago--centro--toledo---pr/749174,Imobiliária Giaretta
Sala Comercial No Corporativo Taipas,Sala Comercial,2390,400,0,0,49.0,centro,https://www.imobiliariagiaretta.com.br/imovel/locacao/sala-comercial/toledo/centro/sala-comercial-no-corporativo-taipas--centro-de-toledo---pr/557218,Imobiliária Giaretta
Sala Comercial Para Locação,Sala Comercial,2400,0,0,0,20.0,jardim la salle,https://www.imobiliariagiaretta.com.br/imovel/locacao/sala-comercial/toledo/jardim-la-salle/sala-comercial-para-locacao--clinica-biocentro--jardim-la-salle--toledo---pr/458098,Imobiliária Giaretta
Apartamento Para Locação,Residencial,2475,350,2,1,142.0,centro,https://www.imobiliariagiaretta.com.br/imovel/locacao/apartamento/toledo/centro/apartamento-para-locacao--edificio-angelica-centro--toledo---pr/650280,Imobiliária Giaretta
Sala Comercial Em Frente A Prefeitura,Sala Comercial,2490,400,0,0,49.0,centro,https://www.imobiliariagiaretta.com.br/imovel/locacao/sala-comercial/toledo/centro/sala-comercial-em-frente-a-prefeitura--centro--toledo---pr/557219,Imobiliária Giaretta
Apartamento Amplo Para Locação No Znt Industrial,Residencial,2500,550,1,1,90.0,vila industrial,https://www.imobiliariagiaretta.com.br/imovel/locacao/apartamento/toledo/vila-industrial/apartamento-amplo-para-locacao-no-znt-industrial--vila-industrial--toledo---pr/876835,Imobiliária Giaretta
Apartamento Para Locação No Edifício Woodville,Residencial,2500,0,1,1,90.0,jardim tocantins,https://www.imobiliariagiaretta.com.br/imovel/locacao/apartamento/toledo/jardim-tocantins/apartamento-para-locacao-no-edificio-woodville--jardim-tocantins--toledo---pr/862287,Imobiliária Giaretta
Sala Comercial Para Locação No Citta Residence,Sala Comercial,2500,0,0,0,14.0,jardim tocantins,https://www.imobiliariagiaretta.com.br/imovel/locacao/sala-comercial/toledo/jardim-tocantins/sala-comercial-para-locacao-no-citta-residence--jardim-tocantins--toledo---pr/861530,Imobiliária Giaretta
Sobrado Amplo Para Locação Em Ótima Localização No Jardim Coopagro,Residencial,2500,0,2,1,110.0,jardim coopagro,https://www.imobiliariagiaretta.com.br/imovel/locacao/sobrado/toledo/jardim-coopagro/sobrado-amplo-para-locacao-em-otima-localizacao-no-jardim-coopagro--toledo---pr/861808,Imobiliária Giaretta
Sala Comercial Para Locação No Citta Residence,Sala Comercial,2500,0,0,0,14.0,jardim tocantins,https://www.imobiliariagiaretta.com.br/imovel/locacao/sala-comercial/toledo/jardim-tocantins/sala-comercial-para-locacao-no-citta-residence--jardim-tocantins--toledo---pr/861574,Imobiliária Giaretta
Apartamento Para Locação No Edifício Vitallity,Residencial,2500,300,0,1,96.0,vila industrial,https://www.imobiliariagiaretta.com.br/imovel/locacao/apartamento/toledo/vila-industrial/apartamento-para-locacao-no-edificio-vitallity--vila-industrial--toledo-pr/826251,Imobiliária Giaretta
Apartamento Para Locação No Edifício Woodville,Residencial,2500,0,1,1,90.0,jardim tocantins,https://www.imobiliariagiaretta.com.br/imovel/locacao/apartamento/toledo/jardim-tocantins/apartamento-para-locacao-no-edificio-woodville--jardim-tocantins--toledo---pr/862367,Imobiliária Giaretta
Sala Comercial Para Locação No Jardim Santa Maria,Sala Comercial,2500,0,0,0,10.0,jardim santa maria,https://www.imobiliariagiaretta.com.br/imovel/locacao/sala-comercial/toledo/jardim-santa-maria/sala-comercial-para-locacao-no-jardim-santa-maria--toledo---pr/806082,Imobiliária Giaretta
Sobrado Amplo Para Locação No Jardim Pancera Em Toledo-Pr,Residencial,2550,0,3,1,115.0,jardim pancera,https://www.imobiliariagiaretta.com.br/imovel/locacao/sobrado/toledo/jardim-pancera/sobrado-amplo-para-locacao-no-jardim-pancera-em-toledo-pr/865269,Imobiliária Giaretta
Apartamento Amplo Para Locação No Edifício Dona Adelina,Residencial,2600,380,2,1,151.0,centro,https://www.imobiliariagiaretta.com.br/imovel/locacao/apartamento/toledo/centro/apartamento-amplo-para-locacao-no-edificio-dona-adelina--centro--toledo---pr/664405,Imobiliária Giaretta
Sobrado Amplo Em Excelente Localização Para Locação,Residencial,2600,0,2,1,96.0,jardim parizotto,https://www.imobiliariagiaretta.com.br/imovel/locacao/sobrado/toledo/jardim-parizotto/sobrado-amplo-em-excelente-localizacao-para-locacao--jardim-parizotto--toledo-pr/838087,Imobiliária Giaretta
Sala Comercial Para Locação No Camelódromo,Sala Comercial,2640,0,0,0,25.0,centro,https://www.imobiliariagiaretta.com.br/imovel/locacao/sala-comercial/toledo/centro/sala-comercial-para-locacao-no-camelodromo--centro--toledo---pr/641203,Imobiliária Giaretta
Apartamento Para Locação No Edifício Celestial,Residencial,2680,300,1,1,110.0,jardim tocantins,https://www.imobiliariagiaretta.com.br/imovel/locacao/apartamento/toledo/jardim-tocantins/apartamento-para-locacao-no-edificio-celestial--jardim-tocantins--toledo---pr/374945,Imobiliária Giaretta
Apartamento Semi Mobiliado Para Locação,Residencial,2700,450,1,1,100.0,vila industrial,https://www.imobiliariagiaretta.com.br/imovel/locacao/apartamento/toledo/vila-industrial/apartamento-semi-mobiliado-para-locacao--vila-industrial--toledo---pr/860753,Imobiliária Giaretta
Apartamento Para Locação No Residencial Bella Luna,Residencial,2700,480,1,1,129.0,jardim la salle,https://www.imobiliariagiaretta.com.br/imovel/locacao/apartamento/toledo/jardim-la-salle/apartamento-para-locacao-no-residencial-bella-luna--jardim-la-salle--toledo---pr/580469,Imobiliária Giaretta
Sala Comercial Nova Disponível Para Locação Na Vila Pioneiro,Sala Comercial,2700,0,0,0,100.0,vila pioneiro,https://www.imobiliariagiaretta.com.br/imovel/locacao/sala-comercial/toledo/vila-pioneiro/sala-comercial-nova-disponivel-para-locacao-na-vila-pioneiro--toledo---pr/777403,Imobiliária Giaretta
Sala Comercial Nova Disponível Para Locação No Jardim Panorama,Sala Comercial,2700,0,0,0,100.0,jardim panorama,https://www.imobiliariagiaretta.com.br/imovel/locacao/sala-comercial/toledo/jardim-panorama/sala-comercial-nova-disponivel-para-locacao-no-jardim-panorama--toledo---pr/777424,Imobiliária Giaretta
Apartamento Amplo Para Locação,Residencial,2700,500,2,1,147.0,centro,https://www.imobiliariagiaretta.com.br/imovel/locacao/apartamento/toledo/centro/apartamento-amplo-para-locacao--edificio-verdes-campos--centro--toledo---pr/869365,Imobiliária Giaretta
Sala Comercial Para Locação,Sala Comercial,2770,400,0,0,49.0,centro,https://www.imobiliariagiaretta.com.br/imovel/locacao/sala-comercial/toledo/centro/sala-comercial-para-locacao--centro--toledo---pr-no-edificio-coorporativo-taipas/832016,Imobiliária Giaretta
Sala Comercial Para Locação,Sala Comercial,2790,400,0,0,49.0,centro,https://www.imobiliariagiaretta.com.br/imovel/locacao/sala-comercial/toledo/centro/sala-comercial-para-locacao--edificio-corporativo-taipas--centro--toledo---pr/861857,Imobiliária Giaretta
Apartamento Amplo Para Locação Em Ótima Localização,Residencial,2800,0,3,1,203.0,centro,https://www.imobiliariagiaretta.com.br/imovel/locacao/apartamento/toledo/centro/apartamento-amplo-para-locacao-em-otima-localizacao--centro--toledo---pr/842879,Imobiliária Giaretta
Sala Comercial Para Locação No Jardim Santa Maria,Sala Comercial,2800,0,0,0,10.0,jardim santa maria,https://www.imobiliariagiaretta.com.br/imovel/locacao/sala-comercial/toledo/jardim-santa-maria/sala-comercial-para-locacao-no-jardim-santa-maria--toledo---pr/812454,Imobiliária Giaretta
Sala Comercial Para Locação No Jardim Santa Maria,Sala Comercial,2800,0,0,0,12.0,jardim santa maria,https://www.imobiliariagiaretta.com.br/imovel/locacao/sala-comercial/toledo/jardim-santa-maria/sala-comercial-para-locacao-no-jardim-santa-maria--toledo---pr/812457,Imobiliária Giaretta
Sobrado Com Excelente Localização Para Locação,Residencial,2800,0,2,1,120.0,jardim concordia,https://www.imobiliariagiaretta.com.br/imovel/locacao/sobrado/toledo/jardim-concordia/sobrado-com-excelente-localizacao-para-locacao--jardim-concordia--toledo---pr/594406,Imobiliária Giaretta
Sobrado Amplo Disponível Para Locação No Jardim Concórdia,Residencial,2800,0,2,1,160.0,jardim concordia,https://www.imobiliariagiaretta.com.br/imovel/locacao/sobrado/toledo/jardim-concordia/sobrado-amplo-disponivel-para-locacao-no-jardim-concordia--toledo---pr/94950,Imobiliária Giaretta
Apartamento Amplo Para Locação Em Excelente Localização,Residencial,2900,0,2,1,120.0,centro,https://www.imobiliariagiaretta.com.br/imovel/locacao/apartamento/toledo/centro/apartamento-amplo-para-locacao-em-excelente-localizacao--centro--toledo---pr/852562,Imobiliária Giaretta
Apartamento Amplo Para Locação No Jardim Concórdia,Residencial,2990,0,2,1,140.0,jardim concordia,https://www.imobiliariagiaretta.com.br/imovel/locacao/apartamento/toledo/jardim-concordia/apartamento-amplo-para-locacao-no-jardim-concordia--toledo---pr/839426,Imobiliária Giaretta
Apartamento Para Locação Em Ótima Localização,Residencial,3000,0,2,1,130.0,centro,https://www.imobiliariagiaretta.com.br/imovel/locacao/apartamento/toledo/centro/apartamento-para-locacao-em-otima-localizacao--centro--toledo---pr/818503,Imobiliária Giaretta
Casa Ampla Para Locação Em Excelente Localização,Residencial,3000,0,2,1,127.0,novo sobradinho,https://www.imobiliariagiaretta.com.br/imovel/locacao/casa/toledo/novo-sobradinho/casa-ampla-para-locacao-em-excelente-localizacao--novo-sobradinho--toledo---pr/860264,Imobiliária Giaretta
Casa Nova Para Locação Em Excelente Localização Na Vila Industrial,Residencial,3100,0,2,1,96.0,vila industrial,https://www.imobiliariagiaretta.com.br/imovel/locacao/casa/toledo/vila-industrial/casa-nova-para-locacao-em-excelente-localizacao-na-vila-industrial--toledo---pr/869516,Imobiliária Giaretta
Sala Comercial Disponível Para Locação Na Vila Operária,Sala Comercial,3200,0,0,0,76.0,vila operaria,https://www.imobiliariagiaretta.com.br/imovel/locacao/sala-comercial/toledo/vila-operaria/sala-comercial-disponivel-para-locacao-na-vila-operaria--toledo---pr/775719,Imobiliária Giaretta
Sala Comercial Disponível Para Locação Na Vila Operária,Sala Comercial,3200,0,0,0,80.0,vila operaria,https://www.imobiliariagiaretta.com.br/imovel/locacao/sala-comercial/toledo/vila-operaria/sala-comercial-disponivel-para-locacao-na-vila-operaria--toledo---pr/775742,Imobiliária Giaretta
Sobrado Amplo Para Locação Em Excelente Localização,Residencial,3350,0,0,3,138.0,jardim gisela,https://www.imobiliariagiaretta.com.br/imovel/locacao/sobrado/toledo/jardim-gisela/sobrado-amplo-para-locacao-em-excelente-localizacao--jardim-gisela--toledo---pr/862177,Imobiliária Giaretta
Apartamento Amplo Para Locação Em Excelente Localização,Residencial,3500,450,2,1,182.0,centro,https://www.imobiliariagiaretta.com.br/imovel/locacao/apartamento/toledo/centro/apartamento-amplo-para-locacao-em-excelente-localizacao--centro--toledo---pr/809369,Imobiliária Giaretta
Casa Semi-Mobiliada Para Locação Em Ótima Localização,Residencial,3500,0,2,1,30.0,vila industrial,https://www.imobiliariagiaretta.com.br/imovel/locacao/casa/toledo/vila-industrial/casa-semi-mobiliada-para-locacao-em-otima-localizacao--vila-industrial-toledo-pr/839325,Imobiliária Giaretta
Sala Comercial Para Locação Com Ótima Localização No Centro,Sala Comercial,3500,0,0,0,90.0,centro,https://www.imobiliariagiaretta.com.br/imovel/locacao/sala-comercial/toledo/centro/sala-comercial-para-locacao-com-otima-localizacao-no-centro--toledo---pr/439988,Imobiliária Giaretta
Apartamento Amplo Para Locação No Jardim Porto Alegre,Residencial,3500,0,1,2,245.0,jardim porto alegre,https://www.imobiliariagiaretta.com.br/imovel/locacao/apartamento/toledo/jardim-porto-alegre/apartamento-amplo-para-locacao-no-jardim-porto-alegre--toledo---pr/831170,Imobiliária Giaretta
Sobrado Amplo Para Locação No Jardim Gisela,Residencial,3600,0,2,1,146.0,jardim gisela,https://www.imobiliariagiaretta.com.br/imovel/locacao/sobrado/toledo/jardim-gisela/sobrado-amplo-para-locacao-no-jardim-gisela--toledo---pr/845460,Imobiliária Giaretta
Sobrado Amplo Para Locação Em Ótima Localização No Jardim Gisela,Residencial,3700,0,2,1,134.0,jardim gisela,https://www.imobiliariagiaretta.com.br/imovel/locacao/sobrado/toledo/jardim-gisela/sobrado-amplo-para-locacao-em-otima-localizacao-no-jardim-gisela--toledo-pr/876293,Imobiliária Giaretta
Sala Comercial Ampla Para Locação Em Excelente Localização,Sala Comercial,3900,0,0,0,62.0,centro,https://www.imobiliariagiaretta.com.br/imovel/locacao/sala-comercial/toledo/centro/sala-comercial-ampla-para-locacao-em-excelente-localizacao--centro--toledo---pr/838336,Imobiliária Giaretta
Sala Comercial Com Excelente Localização Para Locação,Sala Comercial,4000,0,0,0,215.0,centro,https://www.imobiliariagiaretta.com.br/imovel/locacao/sala-comercial/toledo/centro/sala-comercial-com-excelente-localizacao-para-locacao--centro--toledo---pr/576466,Imobiliária Giaretta
Apartamento Para Locação Em Ótima Localização,Residencial,4300,0,2,1,130.0,centro,https://www.imobiliariagiaretta.com.br/imovel/locacao/apartamento/toledo/centro/apartamento-para-locacao-em-otima-localizacao--centro--toledo---pr/767780,Imobiliária Giaretta
Casa Comercial Para Locação Em Excelente Localização,Sala Comercial,4400,0,3,1,267.0,centro,https://www.imobiliariagiaretta.com.br/imovel/locacao/casa/toledo/centro/casa-comercial-para-locacao-em-excelente-localizacao--centro--toledo---pr/789283,Imobiliária Giaretta
Casa Com Píscina Aquecida  Para Locação,Residencial,4400,0,2,1,300.0,jardim pancera,https://www.imobiliariagiaretta.com.br/imovel/locacao/casa/toledo/jardim-pancera/casa-com-piscina-aquecida--para-locacao--jardim-pancera--toledo---pr/351544,Imobiliária Giaretta
Sala Comercial Ampla Para Locação Em Ótima Localização,Sala Comercial,4400,0,0,0,110.0,centro,https://www.imobiliariagiaretta.com.br/imovel/locacao/sala-comercial/toledo/centro/sala-comercial-ampla-para-locacao-em-otima-localizacao--centro--toledo---pr/810401,Imobiliária Giaretta
Casa Ampla Para Locação Em Excelente Localização Na Vila Industrial,Residencial,4500,0,2,1,160.0,vila industrial,https://www.imobiliariagiaretta.com.br/imovel/locacao/casa/toledo/vila-industrial/casa-ampla-para-locacao-em-excelente-localizacao-na-vila-industrial--toledo---pr/862473,Imobiliária Giaretta
Barracão Com 300M  Para Locação,Barracão,4500,0,0,0,300.0,jardim coopagro,https://www.imobiliariagiaretta.com.br/imovel/locacao/barracao/toledo/jardim-coopagro/barracao-com-300m--para-locacao--jardim-coopagro--toledo---pr/812997,Imobiliária Giaretta
Apartamento Mobiliado Com 03 Dormitórios,Residencial,4500,500,2,1,170.0,jardim gisela,https://www.imobiliariagiaretta.com.br/imovel/locacao/apartamento/toledo/jardim-gisela/apartamento-mobiliado-com-03-dormitorios--locacao--jardim-gisela--toledo---pr/824825,Imobiliária Giaretta
Sala Comercial Ampla Para Locação No Edifício Atlântico,Sala Comercial,4600,0,0,0,135.0,centro,https://www.imobiliariagiaretta.com.br/imovel/locacao/sala-comercial/toledo/centro/sala-comercial-ampla-para-locacao-no-edificio-atlantico--centro--toledo-pr/870975,Imobiliária Giaretta
Sala Comercial Ampla No Edifício Corporativo Taipas,Sala Comercial,4700,800,0,0,98.0,centro,https://www.imobiliariagiaretta.com.br/imovel/locacao/sala-comercial/toledo/centro/sala-comercial-ampla-no-edificio-corporativo-taipas--centro--toledo---pr/852168,Imobiliária Giaretta
Sala Comercial Com Mezanino Para Locação,Sala Comercial,4900,0,0,0,160.0,centro,https://www.imobiliariagiaretta.com.br/imovel/locacao/sala-comercial/toledo/centro/sala-comercial-com-mezanino-para-locacao--centro--toledo---pr/805645,Imobiliária Giaretta
Apartamento Semi Mobiliado No Edifício Vancouver Para Locação,Residencial,4950,450,0,3,130.0,centro,https://www.imobiliariagiaretta.com.br/imovel/locacao/apartamento/toledo/centro/apartamento-semi-mobiliado-no-edificio-vancouver-para-locacao--centro--toledo-pr/847878,Imobiliária Giaretta
Sala Comercial Para Locação Em Excelente Localização,Sala Comercial,5000,100,0,0,32.0,centro,https://www.imobiliariagiaretta.com.br/imovel/locacao/sala-comercial/toledo/centro/sala-comercial-para-locacao-em-excelente-localizacao--centro--toledo---pr/820520,Imobiliária Giaretta
Sala Comercial Para Locação Em Excelente Localização,Sala Comercial,5000,100,0,0,32.0,centro,https://www.imobiliariagiaretta.com.br/imovel/locacao/sala-comercial/toledo/centro/sala-comercial-para-locacao-em-excelente-localizacao--centro--toledo---pr/820529,Imobiliária Giaretta
Casa Para Locação Em Excelente Localização No Jardim Tocantins,Residencial,5000,0,2,1,184.0,jardim tocantins,https://www.imobiliariagiaretta.com.br/imovel/locacao/casa/toledo/jardim-tocantins/casa-para-locacao-em-excelente-localizacao-no-jardim-tocantins--toledo---pr/842320,Imobiliária Giaretta
Sala Comercial Para Locação Em Excelente Localização,Sala Comercial,5000,100,0,0,32.0,centro,https://www.imobiliariagiaretta.com.br/imovel/locacao/sala-comercial/toledo/centro/sala-comercial-para-locacao-em-excelente-localizacao--centro--toledo---pr/815239,Imobiliária Giaretta
Barracão Para Locação,Barracão,5500,0,0,0,500.0,zona rural,https://www.imobiliariagiaretta.com.br/imovel/locacao/barracao/toledo/zona-rural/barracao-para-locacao--zona-rural---toledo---pr--a-6-km-da-cidade/726540,Imobiliária Giaretta
Apartamento Semi-Mobiliado,Residencial,5500,800,2,1,190.0,centro,https://www.imobiliariagiaretta.com.br/imovel/locacao/apartamento/toledo/centro/apartamento-semi-mobiliado--proximo-ao-lago-municipal--centro--toledo---pr-/835710,Imobiliária Giaretta
Sobrado Com Excelente Localização Para Locação,Residencial,5600,0,0,3,160.0,jardim concordia,https://www.imobiliariagiaretta.com.br/imovel/locacao/sobrado/toledo/jardim-concordia/sobrado-com-excelente-localizacao-para-locacao--jardim-concordia--toledo---pr/865945,Imobiliária Giaretta
Sala Comercial Ampla Disponível Para Locação Na Vila Pioneiro,Sala Comercial,5700,0,0,0,200.0,vila pioneiro,https://www.imobiliariagiaretta.com.br/imovel/locacao/sala-comercial/toledo/vila-pioneiro/sala-comercial-ampla-disponivel-para-locacao-na-vila-pioneiro--toledo---pr/780304,Imobiliária Giaretta
Sala Comercial Ampla Para Locação No Jardim Porto Alegre,Sala Comercial,5800,0,0,0,265.0,jardim porto alegre,https://www.imobiliariagiaretta.com.br/imovel/locacao/sala-comercial/toledo/jardim-porto-alegre/sala-comercial-ampla-para-locacao-no-jardim-porto-alegre--toledo---pr/669521,Imobiliária Giaretta
Sala Comercial Nova Com Mezanino Para Locação Na Vila Pioneiro,Sala Comercial,5800,0,0,0,193.0,vila pioneiro,https://www.imobiliariagiaretta.com.br/imovel/locacao/sala-comercial/toledo/vila-pioneiro/sala-comercial-nova-com-mezanino-para-locacao-na-vila-pioneiro--toledo---pr/539243,Imobiliária Giaretta
Sala Comercial Nova Com Mezanino Para Locação Na Vila Pioneiro,Sala Comercial,5800,0,0,0,193.0,vila pioneiro,https://www.imobiliariagiaretta.com.br/imovel/locacao/sala-comercial/toledo/vila-pioneiro/sala-comercial-nova-com-mezanino-para-locacao-na-vila-pioneiro--toledo---pr/539245,Imobiliária Giaretta
Apartamento Para Locação No Edifício Downtown,Residencial,5800,650,0,3,244.0,jardim la salle,https://www.imobiliariagiaretta.com.br/imovel/locacao/apartamento/toledo/jardim-la-salle/apartamento-para-locacao-no-edificio-downtown--jardim-la-salle--toledo---pr/861308,Imobiliária Giaretta
Sala Comercial Ampla Para Locação Em Excelente Localização,Sala Comercial,5900,0,0,0,125.0,centro,https://www.imobiliariagiaretta.com.br/imovel/locacao/sala-comercial/toledo/centro/sala-comercial-ampla-para-locacao-em-excelente-localizacao--centro--toledo---pr/838329,Imobiliária Giaretta
Casa Ampla Para Locação Em Ótima Localização No Jardim Pancera,Residencial,6325,0,2,1,217.0,jardim pancera,https://www.imobiliariagiaretta.com.br/imovel/locacao/casa/toledo/jardim-pancera/casa-ampla-para-locacao-em-otima-localizacao-no-jardim-pancera--toledo---pr/840578,Imobiliária Giaretta
Barracão Amplo Para Locação,Barracão,6500,0,0,0,447.0,jardim concordia,https://www.imobiliariagiaretta.com.br/imovel/locacao/barracao/toledo/jardim-concordia/barracao-amplo-para-locacao--jardim-concordia--toledo---pr/842241,Imobiliária Giaretta
Barracão Com Mezanino Para Locação,Barracão,6500,0,0,0,445.0,jardim europa,https://www.imobiliariagiaretta.com.br/imovel/locacao/barracao/toledo/jardim-europa/barracao-com-mezanino-para-locacao--jardim-europa--toledo---pr/816139,Imobiliária Giaretta
Barracão Para Locação Com Excelente Localização,Barracão,6600,0,0,0,360.0,vila operaria,https://www.imobiliariagiaretta.com.br/imovel/locacao/barracao/toledo/vila-operaria/barracao-para-locacao-com-excelente-localizacao--vila-operaria--toledo---pr/812014,Imobiliária Giaretta
Barracão Para Locação Na Avenida Maripá,Barracão,6690,0,0,0,200.0,vila operaria,https://www.imobiliariagiaretta.com.br/imovel/locacao/barracao/toledo/vila-operaria/barracao-para-locacao-na-avenida-maripa--vila-operaria--toledo---pr/819378,Imobiliária Giaretta
Barracão Amplo Para Locação Em Ótima Localização,Barracão,6800,0,0,0,340.0,jardim gisela,https://www.imobiliariagiaretta.com.br/imovel/locacao/barracao/toledo/jardim-gisela/barracao-amplo-para-locacao-em-otima-localizacao--jardim-gisela--toledo---pr/876508,Imobiliária Giaretta
Barracão Para Locação Na Avenida Maripá,Barracão,6900,0,0,0,294.0,jardim europa,https://www.imobiliariagiaretta.com.br/imovel/locacao/barracao/toledo/jardim-europa/barracao-para-locacao-na-avenida-maripa--jardim-america--toledo---pr/837189,Imobiliária Giaretta
Barracão Amplo Para Locação Em Ótima Localização,Barracão,7000,0,0,0,400.0,vila industrial,https://www.imobiliariagiaretta.com.br/imovel/locacao/barracao/toledo/vila-industrial/barracao-amplo-para-locacao-em-otima-localizacao--vila-industrial--toledo---pr/877161,Imobiliária Giaretta
Duas Salas Comerciais No Corporativo Taipas Para Locação,Residencial,7400,0,0,0,75.0,centro,https://www.imobiliariagiaretta.com.br/imovel/locacao/sala-comercial/toledo/centro/duas-salas-comerciais-no-corporativo-taipas-para-locacao--centro--toledo---pr/672380,Imobiliária Giaretta
Sala Comercial Ampla Para Locação Em Ótima Localização,Sala Comercial,7900,0,0,0,191.0,centro,https://www.imobiliariagiaretta.com.br/imovel/locacao/sala-comercial/toledo/centro/sala-comercial-ampla-para-locacao-em-otima-localizacao--centro--toledo---pr/804579,Imobiliária Giaretta
Barracão Comercial Amplo Com Mezanino Para Locação No Centro,Barracão,8000,0,0,0,250.0,centro,https://www.imobiliariagiaretta.com.br/imovel/locacao/barracao/toledo/centro/barracao-comercial-amplo-com-mezanino-para-locacao-no-centro--toledo---pr/806192,Imobiliária Giaretta
Sala Comercial Ampla Para Locação Em Ótima Localização,Sala Comercial,8500,0,0,0,299.0,centro,https://www.imobiliariagiaretta.com.br/imovel/locacao/sala-comercial/toledo/centro/sala-comercial-ampla-para-locacao-em-otima-localizacao--centro--toledo---pr/809544,Imobiliária Giaretta
Barracão Amplo Para Locação,Barracão,8900,0,0,0,440.0,jardim tocantins,https://www.imobiliariagiaretta.com.br/imovel/locacao/barracao/toledo/jardim-tocantins/barracao-amplo-para-locacao--jardim-tocantins--toledo---pr/771486,Imobiliária Giaretta
Barracão Amplo Para Locação Em Ótima Localização,Barracão,9000,0,0,0,404.0,jardim tocantins,https://www.imobiliariagiaretta.com.br/imovel/locacao/barracao/toledo/jardim-tocantins/barracao-amplo-para-locacao-em-otima-localizacao--jardim-tocantins--toledo---pr/875904,Imobiliária Giaretta
Casa De Alto Padrão Para Locação,Residencial,9000,0,3,1,264.0,jardim gisela,https://www.imobiliariagiaretta.com.br/imovel/locacao/casa/toledo/jardim-gisela/casa-de-alto-padrao-para-locacao--jardim-gisela--toledo---pr/817026,Imobiliária Giaretta
Sala Comercial Com Ótima Localização Para Locação No Centro,Sala Comercial,9000,0,0,0,285.0,centro,https://www.imobiliariagiaretta.com.br/imovel/locacao/sala-comercial/toledo/centro/sala-comercial-com-otima-localizacao-para-locacao-no-centro--toledo---pr/780254,Imobiliária Giaretta
Sala Comercial Para Locação Em Região Privilegiada Da Cidade Centro,Sala Comercial,9500,0,0,0,703.0,centro,https://www.imobiliariagiaretta.com.br/imovel/locacao/sala-comercial/toledo/centro/sala-comercial-para-locacao-em-regiao-privilegiada-da-cidade-centro--toledo---pr/789164,Imobiliária Giaretta
Sala Comercial Ampla Para Locação Em Excelente Localização,Sala Comercial,9900,0,0,0,167.0,centro,https://www.imobiliariagiaretta.com.br/imovel/locacao/sala-comercial/toledo/centro/sala-comercial-ampla-para-locacao-em-excelente-localizacao--centro--toledo---pr/808400,Imobiliária Giaretta
Sala Comercial Edifício Luxor Para Locação,Sala Comercial,10000,0,0,0,223.0,jardim santa maria,https://www.imobiliariagiaretta.com.br/imovel/locacao/sala-comercial/toledo/jardim-santa-maria/sala-comercial-edificio-luxor-para-locacao--jd--santa-maria--toledo---pr/591649,Imobiliária Giaretta
Sala Comercial Com Barracão Amplo Para Locação,Barracão,10000,0,0,0,1241.0,jardim santa maria,https://www.imobiliariagiaretta.com.br/imovel/locacao/sala-comercial/toledo/jardim-santa-maria/sala-comercial-com-barracao-amplo-para-locacao--jardim-santa-maria--toledo---pr/797375,Imobiliária Giaretta
Sobrado Com Excelente Localização Para Locação,Residencial,11000,0,0,4,553.0,vila industrial,https://www.imobiliariagiaretta.com.br/imovel/locacao/sobrado/toledo/vila-industrial/sobrado-com-excelente-localizacao-para-locacao--vila-industrial--toledo---pr/677667,Imobiliária Giaretta
Barracão Com Excelente Localização Para Locação,Barracão,12000,0,0,0,800.0,jardim gisela,https://www.imobiliariagiaretta.com.br/imovel/locacao/barracao/toledo/jardim-gisela/barracao-com-excelente-localizacao-para-locacao--jardim-gisela--toledo---pr/590886,Imobiliária Giaretta
Casa Com 4 Dormitórios Para Locação,Residencial,12000,0,3,1,80.0,jardim la salle,https://www.imobiliariagiaretta.com.br/imovel/locacao/casa/toledo/jardim-la-salle/casa-com-4-dormitorios-para-locacao--jardim-la-salle--toledo---pr/785007,Imobiliária Giaretta
Sala Comercial Para Locação,Sala Comercial,12000,0,0,0,300.0,centro,https://www.imobiliariagiaretta.com.br/imovel/locacao/sala-comercial/toledo/centro/sala-comercial-para-locacao--otima-localizacao--centro--toledo---pr/762833,Imobiliária Giaretta
Sala Comercial Com Excelente Localização Para Locação,Sala Comercial,12000,0,1,1,440.0,centro,https://www.imobiliariagiaretta.com.br/imovel/locacao/sala-comercial/toledo/centro/sala-comercial-com-excelente-localizacao-para-locacao--centro--toledo---pr/594154,Imobiliária Giaretta
Sobrado De Alto Padrão Para Locação,Residencial,12089,0,6,2,104.0,centro,https://www.imobiliariagiaretta.com.br/imovel/locacao/sobrado/toledo/centro/sobrado-de-alto-padrao-para-locacao--centro--toledo---pr/441434,Imobiliária Giaretta
Barracão Amplo Para Locação Em Ótima Localização,Barracão,13000,0,0,0,550.0,vila becker,https://www.imobiliariagiaretta.com.br/imovel/locacao/barracao/toledo/vila-becker/barracao-amplo-para-locacao-em-otima-localizacao--vila-becker--toledo---pr/876316,Imobiliária Giaretta
Barracão Comercial Amplo Para Locação No Centro,Barracão,13000,0,0,0,440.0,centro,https://www.imobiliariagiaretta.com.br/imovel/locacao/barracao/toledo/centro/barracao-comercial-amplo-para-locacao-no-centro--toledo---pr/805958,Imobiliária Giaretta
Sala Comercial Ampla Para Locação Em Ótima Localização,Sala Comercial,13000,0,0,0,550.0,vila becker,https://www.imobiliariagiaretta.com.br/imovel/locacao/sala-comercial/toledo/vila-becker/sala-comercial-ampla-para-locacao-em-otima-localizacao--vila-becker--toledo---pr/797315,Imobiliária Giaretta
Sala Comercial Ampla Para Locação Em Ótima Localização,Sala Comercial,18000,0,0,0,750.0,centro,https://www.imobiliariagiaretta.com.br/imovel/locacao/sala-comercial/toledo/centro/sala-comercial-ampla-para-locacao-em-otima-localizacao--centro--toledo---pr/809524,Imobiliária Giaretta
Barracão Amplo Para Locação Em Ótima Localização,Barracão,22497,0,0,0,1200.0,jardim gisela,https://www.imobiliariagiaretta.com.br/imovel/locacao/barracao/toledo/jardim-gisela/barracao-amplo-para-locacao-em-otima-localizacao--jardim-gisela--toledo---pr/879100,Imobiliária Giaretta
Sala Comercial Muito Ampla Para Locação No Centro De Toledo-Pr,Sala Comercial,23000,0,0,0,992.0,centro,https://www.imobiliariagiaretta.com.br/imovel/locacao/sala-comercial/toledo/centro/sala-comercial-muito-ampla-para-locacao-no-centro-de-toledo-pr/752219,Imobiliária Giaretta
Barracão Muito Amplo Para Locação No Centro De Toledo-Pr,Barracão,23000,0,0,0,992.0,centro,https://www.imobiliariagiaretta.com.br/imovel/locacao/barracao/toledo/centro/barracao-muito-amplo-para-locacao-no-centro-de-toledo-pr/752598,Imobiliária Giaretta
Sala Comercial Ampla Para Locação,Sala Comercial,80700,0,0,0,1608.0,jardim tocantins,https://www.imobiliariagiaretta.com.br/imovel/locacao/sala-comercial/toledo/jardim-tocantins/sala-comercial-ampla-para-locacao--jardim-tocantins--toledo---pr/799416,Imobiliária Giaretta
APARTAMENTO BAIRRO VILA BECKER ,Residencial,1300,250,2,0,83.0,vila becker,https://www.imobiliariaaliancatoledo.com.br/detalhes-do-imovel.asp?id=100,Imobiliária Aliança
APARTAMENTO CENTRO ,Residencial,3300,,0,0,219.0,centro,https://www.imobiliariaaliancatoledo.com.br/detalhes-do-imovel.asp?id=545,Imobiliária Aliança
APARTAMENTO BAIRRO CENTRO ,Residencial,1850,450,2,0,80.29,centro,https://www.imobiliariaaliancatoledo.com.br/detalhes-do-imovel.asp?id=1272,Imobiliária Aliança
SALA COMERCIAL BAIRRO JARDIM PORTO ALEGRE ,Sala Comercial,5800,0,0,0,,jardim porto alegre,https://www.imobiliariaaliancatoledo.com.br/detalhes-do-imovel.asp?id=1284,Imobiliária Aliança
CASA BAIRRO CENTRO ,Residencial,5500,0,2,1,507.5,centro,https://www.imobiliariaaliancatoledo.com.br/detalhes-do-imovel.asp?id=1383,Imobiliária Aliança
TERRENO BAIRRO CENTRO ,Terreno,4000,0,0,0,900.0,centro,https://www.imobiliariaaliancatoledo.com.br/detalhes-do-imovel.asp?id=1816,Imobiliária Aliança
BARRACÃO BAIRRO CENTRO ,Barracão,3500,,0,0,170.0,centro,https://www.imobiliariaaliancatoledo.com.br/detalhes-do-imovel.asp?id=2297,Imobiliária Aliança
SALA COMERCIAL NA VILA PIONEIRO. ,Sala Comercial,5700,0,0,0,200.0,vila pioneiro,https://www.imobiliariaaliancatoledo.com.br/detalhes-do-imovel.asp?id=2670,Imobiliária Aliança
SALA COMERCIAL CENTRO ,Sala Comercial,4000,0,0,0,160.0,centro,https://www.imobiliariaaliancatoledo.com.br/detalhes-do-imovel.asp?id=2739,Imobiliária Aliança
"Sobrado para locação, JARDIM PORTO ALEGRE, TOLEDO - PR ",Residencial,4500,0,2,2,495.0,jardim porto alegre,https://www.imobiliariaaliancatoledo.com.br/detalhes-do-imovel.asp?id=3325,Imobiliária Aliança
SOBRADO BAIRRO JARDIM PORTO ALEGRE ,Residencial,3500,0,3,0,200.0,jardim porto alegre,https://www.imobiliariaaliancatoledo.com.br/detalhes-do-imovel.asp?id=3641,Imobiliária Aliança
"Sala Comercial para locação, CENTRO, TOLEDO - PR ",Sala Comercial,4500,0,0,0,150.0,centro,https://www.imobiliariaaliancatoledo.com.br/detalhes-do-imovel.asp?id=3730,Imobiliária Aliança
"Sala Comercial para locação, JARDIM PORTO ALEGRE, TOLEDO - PR ",Sala Comercial,4500,,0,0,200.0,jardim porto alegre,https://www.imobiliariaaliancatoledo.com.br/detalhes-do-imovel.asp?id=3960,Imobiliária Aliança
"Barracão para fábricas, indústrias, depósitos para locação, em TOLEDO - PR ",Barracão,12000,0,0,0,800.0,jardim gisela,https://www.imobiliariaaliancatoledo.com.br/detalhes-do-imovel.asp?id=4535,Imobiliária Aliança
"Sala Comercial para locação, CENTRO, TOLEDO - PR ",Sala Comercial,2370,225,0,0,60.0,centro,https://www.imobiliariaaliancatoledo.com.br/detalhes-do-imovel.asp?id=4752,Imobiliária Aliança
TERRENO NO JARDIM PANCERA ,Terreno,3500,0,0,0,2046.87,jardim pancera,https://www.imobiliariaaliancatoledo.com.br/detalhes-do-imovel.asp?id=5337,Imobiliária Aliança
"Sobrado, JARDIM PANCERA, TOLEDO - PR ",Residencial,5100,0,2,1,,jardim pancera,https://www.imobiliariaaliancatoledo.com.br/detalhes-do-imovel.asp?id=5348,Imobiliária Aliança
"Sala Comercial para locação, CENTRO, TOLEDO - PR ",Sala Comercial,12500,0,0,0,,centro,https://www.imobiliariaaliancatoledo.com.br/detalhes-do-imovel.asp?id=5490,Imobiliária Aliança
"Sala Comercial para locação, JARDIM PORTO ALEGRE, TOLEDO - PR ",Sala Comercial,4500,0,0,0,223.5,jardim porto alegre,https://www.imobiliariaaliancatoledo.com.br/detalhes-do-imovel.asp?id=5607,Imobiliária Aliança
"Sala Comercial para locação, CENTRO, TOLEDO - PR ",Sala Comercial,9000,0,0,0,225.0,centro,https://www.imobiliariaaliancatoledo.com.br/detalhes-do-imovel.asp?id=5637,Imobiliária Aliança
"Sala Comercial para locação, CENTRO, TOLEDO - PR ",Sala Comercial,4950,0,0,0,117.0,centro,https://www.imobiliariaaliancatoledo.com.br/detalhes-do-imovel.asp?id=5639,Imobiliária Aliança
"Sala Comercial para locação, CENTRO, TOLEDO - PR ",Sala Comercial,4950,0,0,0,121.0,centro,https://www.imobiliariaaliancatoledo.com.br/detalhes-do-imovel.asp?id=5642,Imobiliária Aliança
"Sala Comercial para locação, ZONA RURAL, TOLEDO - PR ",Sala Comercial,2000,0,0,0,,zona rural,https://www.imobiliariaaliancatoledo.com.br/detalhes-do-imovel.asp?id=5722,Imobiliária Aliança
"Lote para locação, JARDIM GISELA, TOLEDO - PR ",Terreno,4000,0,0,0,2000.0,jardim gisela,https://www.imobiliariaaliancatoledo.com.br/detalhes-do-imovel.asp?id=5723,Imobiliária Aliança
"Sala Comercial para locação, CENTRO, TOLEDO - PR ",Sala Comercial,9000,,0,0,650.0,centro,https://www.imobiliariaaliancatoledo.com.br/detalhes-do-imovel.asp?id=5732,Imobiliária Aliança
"Apartamento para locação, JARDIM PANCERA, TOLEDO - PR ",Residencial,1500,260,2,0,72.19,jardim pancera,https://www.imobiliariaaliancatoledo.com.br/detalhes-do-imovel.asp?id=5744,Imobiliária Aliança
"Barracão para locação, JARDIM PANCERA, TOLEDO - PR ",Barracão,7500,0,0,0,360.0,jardim pancera,https://www.imobiliariaaliancatoledo.com.br/detalhes-do-imovel.asp?id=5884,Imobiliária Aliança
"Sobrado para locação, VILA INDUSTRIAL, TOLEDO - PR ",Residencial,11000,0,0,4,800.0,vila industrial,https://www.imobiliariaaliancatoledo.com.br/detalhes-do-imovel.asp?id=6041,Imobiliária Aliança
"Apartamento para Locação, CENTRO, TOLEDO - PR ",Residencial,2500,500,2,1,150.0,centro,https://www.imobiliariaaliancatoledo.com.br/detalhes-do-imovel.asp?id=6088,Imobiliária Aliança
"Casa para locação, CENTRO, TOLEDO - PR ",Residencial,4500,,2,1,,centro,https://www.imobiliariaaliancatoledo.com.br/detalhes-do-imovel.asp?id=6123,Imobiliária Aliança
"Sala Comercial para locação, CENTRO, TOLEDO - PR ",Sala Comercial,1800,0,0,0,53.0,centro,https://www.imobiliariaaliancatoledo.com.br/detalhes-do-imovel.asp?id=6187,Imobiliária Aliança
"Sala Comercial PARA LOCAÇÃO, VILA INDUSTRIAL, TOLEDO - PR ",Sala Comercial,2500,45,0,0,50.0,vila industrial,https://www.imobiliariaaliancatoledo.com.br/detalhes-do-imovel.asp?id=6337,Imobiliária Aliança
"Barracão para locação, VILA INDUSTRIAL, TOLEDO - PR ",Barracão,6500,0,0,0,450.0,vila industrial,https://www.imobiliariaaliancatoledo.com.br/detalhes-do-imovel.asp?id=6369,Imobiliária Aliança
"Apartamento para locação, JARDIM LA SALLE, TOLEDO - PR ",Residencial,3000,350,2,0,91.97,jardim la salle,https://www.imobiliariaaliancatoledo.com.br/detalhes-do-imovel.asp?id=6422,Imobiliária Aliança
"Sala Comercial para locação, CENTRO, TOLEDO - PR ",Sala Comercial,4000,0,0,0,216.0,centro,https://www.imobiliariaaliancatoledo.com.br/detalhes-do-imovel.asp?id=6485,Imobiliária Aliança
"Sala Comercial à venda, CENTRO, TOLEDO - PR ",Sala Comercial,2500,0,0,0,75.0,centro,https://www.imobiliariaaliancatoledo.com.br/detalhes-do-imovel.asp?id=6548,Imobiliária Aliança
"Sala Comercial para locação, JARDIM PANORAMA II, TOLEDO - PR ",Sala Comercial,950,0,0,0,40.0,jardim panorama ii,https://www.imobiliariaaliancatoledo.com.br/detalhes-do-imovel.asp?id=6620,Imobiliária Aliança
"Sala Comercial para locação, CENTRO, TOLEDO - PR ",Sala Comercial,2800,150,0,0,110.0,centro,https://www.imobiliariaaliancatoledo.com.br/detalhes-do-imovel.asp?id=6626,Imobiliária Aliança
"Sala Comercial para locação, CENTRO, TOLEDO - PR ",Sala Comercial,5000,0,0,0,180.0,centro,https://www.imobiliariaaliancatoledo.com.br/detalhes-do-imovel.asp?id=6697,Imobiliária Aliança
"Sala Comercial para locação, VILA INDUSTRIAL, TOLEDO - PR ",Sala Comercial,3100,0,0,0,87.0,vila industrial,https://www.imobiliariaaliancatoledo.com.br/detalhes-do-imovel.asp?id=6782,Imobiliária Aliança
"Container para locação, JARDIM LA SALLE, TOLEDO - PR ",Sala Comercial,9500,0,0,0,580.0,jardim la salle,https://www.imobiliariaaliancatoledo.com.br/detalhes-do-imovel.asp?id=6828,Imobiliária Aliança
"Sobrado para locação, JARDIM GISELA, TOLEDO - PR ",Residencial,3600,0,0,1,139.9,jardim gisela,https://www.imobiliariaaliancatoledo.com.br/detalhes-do-imovel.asp?id=6841,Imobiliária Aliança
"Sala Comercial para Locação, CENTRO, TOLEDO - PR ",Sala Comercial,3500,0,0,0,180.2,centro,https://www.imobiliariaaliancatoledo.com.br/detalhes-do-imovel.asp?id=6922,Imobiliária Aliança
"Sala Comercial para Locação, CENTRO, TOLEDO - PR ",Sala Comercial,1700,0,0,0,72.96,centro,https://www.imobiliariaaliancatoledo.com.br/detalhes-do-imovel.asp?id=6924,Imobiliária Aliança
"Sala Comercial para locação, CENTRO, TOLEDO - PR ",Sala Comercial,2000,0,0,0,102.74,centro,https://www.imobiliariaaliancatoledo.com.br/detalhes-do-imovel.asp?id=6926,Imobiliária Aliança
"Sala Comercial para Locação, CENTRO, TOLEDO - PR ",Sala Comercial,1200,0,0,0,36.37,centro,https://www.imobiliariaaliancatoledo.com.br/detalhes-do-imovel.asp?id=6928,Imobiliária Aliança
"Sala Comercial para Locação, CENTRO, TOLEDO - PR ",Sala Comercial,1400,0,0,0,65.21,centro,https://www.imobiliariaaliancatoledo.com.br/detalhes-do-imovel.asp?id=6930,Imobiliária Aliança
"Salas Comerciais para Locação, CENTRO, TOLEDO - PR ",Sala Comercial,7000,0,0,0,,centro,https://www.imobiliariaaliancatoledo.com.br/detalhes-do-imovel.asp?id=6931,Imobiliária Aliança
"Barracão para locação, CENTRO, TOLEDO - PR ",Barracão,23000,0,0,0,992.0,centro,https://www.imobiliariaaliancatoledo.com.br/detalhes-do-imovel.asp?id=7010,Imobiliária Aliança
"Barracão para locação, ZONA RURAL, Sentido Sao Pedro do Iguaçu, TOLEDO - PR ",Barracão,20000,0,0,0,1300.0,zona rural,https://www.imobiliariaaliancatoledo.com.br/detalhes-do-imovel.asp?id=7027,Imobiliária Aliança
"Barracão para locação, ZONA RURAL, Sentido Sao Pedro do Iguaçu, TOLEDO - PR ",Barracão,10000,0,0,0,2000.0,zona rural,https://www.imobiliariaaliancatoledo.com.br/detalhes-do-imovel.asp?id=7029,Imobiliária Aliança
"Sala Comercial para locação, CENTRO, CASCAVEL - PR ",Sala Comercial,4700,0,0,0,103.24,centro,https://www.imobiliariaaliancatoledo.com.br/detalhes-do-imovel.asp?id=7037,Imobiliária Aliança
"Sala Comercial para locação, CENTRO, TOLEDO - PR ",Sala Comercial,5500,0,0,0,145.0,centro,https://www.imobiliariaaliancatoledo.com.br/detalhes-do-imovel.asp?id=7057,Imobiliária Aliança
"Barracão para locação, VILA INDUSTRIAL, TOLEDO - PR ",Barracão,14000,0,0,0,4936.27,vila industrial,https://www.imobiliariaaliancatoledo.com.br/detalhes-do-imovel.asp?id=7094,Imobiliária Aliança
TERRENO LOCALIZADO DE FRENTE PARA A AVENIDA CIRNE LIMA ,Terreno,20000,0,0,0,2645.01,jardim coopagro,https://www.imobiliariaaliancatoledo.com.br/detalhes-do-imovel.asp?id=7129,Imobiliária Aliança
"Sala Comercial à venda, Corporativo Taipas CENTRO, TOLEDO - PR ",Sala Comercial,2770,0,0,0,49.05,centro,https://www.imobiliariaaliancatoledo.com.br/detalhes-do-imovel.asp?id=7222,Imobiliária Aliança
"Apartamento para locação, JARDIM SANTA MARIA, TOLEDO - PR ",Residencial,1600,350,2,0,108.24,jardim santa maria,https://www.imobiliariaaliancatoledo.com.br/detalhes-do-imovel.asp?id=7290,Imobiliária Aliança
"Sala Comercial para Locação, Corporativo Taipas CENTRO, TOLEDO - PR ",Sala Comercial,2390,0,0,0,37.52,centro,https://www.imobiliariaaliancatoledo.com.br/detalhes-do-imovel.asp?id=7331,Imobiliária Aliança
"Sala Comercial para Locação, Corporativo Taipas CENTRO, TOLEDO - PR ",Sala Comercial,2390,0,0,0,37.52,centro,https://www.imobiliariaaliancatoledo.com.br/detalhes-do-imovel.asp?id=7332,Imobiliária Aliança
"Apartamento Duplex para locação, CENTRO, TOLEDO - PR ",Residencial,13000,400,2,2,536.07,centro,https://www.imobiliariaaliancatoledo.com.br/detalhes-do-imovel.asp?id=7363,Imobiliária Aliança
"Casa, VILA INDUSTRIAL, TOLEDO - PR ",Residencial,3100,0,2,1,195.0,vila industrial,https://www.imobiliariaaliancatoledo.com.br/detalhes-do-imovel.asp?id=7380,Imobiliária Aliança
"Barracão para locação, JARDIM PORTO ALEGRE, TOLEDO - PR ",Barracão,5500,0,0,0,247.0,jardim porto alegre,https://www.imobiliariaaliancatoledo.com.br/detalhes-do-imovel.asp?id=7384,Imobiliária Aliança
"Barracão para Locação, VILA PIONEIRO, TOLEDO - PR ",Barracão,8100,0,0,0,821.0,vila pioneiro,https://www.imobiliariaaliancatoledo.com.br/detalhes-do-imovel.asp?id=7386,Imobiliária Aliança
"Sala Comercial, JARDIM COOPAGRO, TOLEDO - PR ",Sala Comercial,21100,0,0,0,,jardim coopagro,https://www.imobiliariaaliancatoledo.com.br/detalhes-do-imovel.asp?id=7399,Imobiliária Aliança
"Sala Comercial para locação, JARDIM COOPAGRO, TOLEDO - PR ",Sala Comercial,17800,0,0,0,1608.22,jardim coopagro,https://www.imobiliariaaliancatoledo.com.br/detalhes-do-imovel.asp?id=7479,Imobiliária Aliança
"Sala Comercial para locação, CENTRO, TOLEDO - PR ",Sala Comercial,6500,0,0,0,208.3,centro,https://www.imobiliariaaliancatoledo.com.br/detalhes-do-imovel.asp?id=7512,Imobiliária Aliança
"Sala Comercial para locação, JARDIM SANTA MARIA, TOLEDO - PR ",Sala Comercial,9950,0,0,0,223.5,jardim santa maria,https://www.imobiliariaaliancatoledo.com.br/detalhes-do-imovel.asp?id=7529,Imobiliária Aliança
"Sala Comercial para locação, JARDIM SANTA MARIA, TOLEDO - PR ",Sala Comercial,2500,0,0,0,,jardim santa maria,https://www.imobiliariaaliancatoledo.com.br/detalhes-do-imovel.asp?id=7532,Imobiliária Aliança
"Sala Comercial para locação, JARDIM SANTA MARIA, TOLEDO - PR ",Sala Comercial,2800,0,0,0,,jardim santa maria,https://www.imobiliariaaliancatoledo.com.br/detalhes-do-imovel.asp?id=7533,Imobiliária Aliança
"Sala Comercial para locação, JARDIM SANTA MARIA, TOLEDO - PR ",Sala Comercial,2800,0,0,0,,jardim santa maria,https://www.imobiliariaaliancatoledo.com.br/detalhes-do-imovel.asp?id=7534,Imobiliária Aliança
"Barracão para locação, CENTRO, TOLEDO - PR ",Barracão,11000,0,0,0,480.0,centro,https://www.imobiliariaaliancatoledo.com.br/detalhes-do-imovel.asp?id=7538,Imobiliária Aliança
"Sala Comercial para locação, CENTRO, TOLEDO - PR ",Sala Comercial,3500,400,0,0,280.0,centro,https://www.imobiliariaaliancatoledo.com.br/detalhes-do-imovel.asp?id=7601,Imobiliária Aliança
"Sala Comercial para locação, JARDIM PARIZOTTO, TOLEDO - PR ",Sala Comercial,2500,0,0,0,104.0,jardim parizotto,https://www.imobiliariaaliancatoledo.com.br/detalhes-do-imovel.asp?id=7614,Imobiliária Aliança
"Sala Comercial para locação, CENTRO, TOLEDO - PR ",Sala Comercial,7900,150,0,0,,centro,https://www.imobiliariaaliancatoledo.com.br/detalhes-do-imovel.asp?id=7616,Imobiliária Aliança
"Sala Comercial para locação, CENTRO, TOLEDO - PR ",Sala Comercial,2490,350,0,0,49.0,centro,https://www.imobiliariaaliancatoledo.com.br/detalhes-do-imovel.asp?id=7620,Imobiliária Aliança
"Sala Comercial para locação, CENTRO, TOLEDO - PR ",Sala Comercial,2390,350,0,0,49.0,centro,https://www.imobiliariaaliancatoledo.com.br/detalhes-do-imovel.asp?id=7621,Imobiliária Aliança
"Sala Comercial para locação, CENTRO, TOLEDO - PR ",Sala Comercial,8800,0,0,0,267.54,centro,https://www.imobiliariaaliancatoledo.com.br/detalhes-do-imovel.asp?id=7630,Imobiliária Aliança
"Barracão para locação, JARDIM AMERICA, TOLEDO - PR ",Barracão,6200,,0,0,256.0,jardim america,https://www.imobiliariaaliancatoledo.com.br/detalhes-do-imovel.asp?id=7642,Imobiliária Aliança
"Apartamento para locação, CENTRO, TOLEDO - PR ",Residencial,4350,350,2,1,120.0,centro,https://www.imobiliariaaliancatoledo.com.br/detalhes-do-imovel.asp?id=7654,Imobiliária Aliança
"Apartamento para locação, CENTRO, TOLEDO - PR ",Residencial,7000,600,0,3,330.0,centro,https://www.imobiliariaaliancatoledo.com.br/detalhes-do-imovel.asp?id=7706,Imobiliária Aliança
SALA COMERCIAL BAIRRO CENTRO ,Sala Comercial,900,0,0,0,34.0,centro,https://www.imobiliariaaliancatoledo.com.br/detalhes-do-imovel.asp?id=7717,Imobiliária Aliança
"Apartamento para Locação, VILA INDUSTRIAL, TOLEDO - PR ",Residencial,3800,420,2,1,132.6,vila industrial,https://www.imobiliariaaliancatoledo.com.br/detalhes-do-imovel.asp?id=7718,Imobiliária Aliança
"Casa para locação, JARDIM LA SALLE, TOLEDO - PR ",Residencial,5000,,2,1,600.0,jardim la salle,https://www.imobiliariaaliancatoledo.com.br/detalhes-do-imovel.asp?id=7726,Imobiliária Aliança
"Apartamento para locação, JARDIM PORTO ALEGRE, TOLEDO - PR ",Residencial,2500,0,2,1,103.0,jardim porto alegre,https://www.imobiliariaaliancatoledo.com.br/detalhes-do-imovel.asp?id=7738,Imobiliária Aliança
"Sobrado para locação, JARDIM GISELA, TOLEDO - PR ",Residencial,9000,0,3,1,980.0,jardim gisela,https://www.imobiliariaaliancatoledo.com.br/detalhes-do-imovel.asp?id=7762,Imobiliária Aliança
"Apartamento para locação, JARDIM GISELA, TOLEDO - PR ",Residencial,2800,250,1,1,90.0,jardim gisela,https://www.imobiliariaaliancatoledo.com.br/detalhes-do-imovel.asp?id=7852,Imobiliária Aliança
"Sala Comercial para locação, VILA INDUSTRIAL, TOLEDO - PR ",Sala Comercial,7000,0,0,0,248.32,vila industrial,https://www.imobiliariaaliancatoledo.com.br/detalhes-do-imovel.asp?id=7854,Imobiliária Aliança
"Casa para locação, JARDIM CONCÓRDIA, TOLEDO - PR ",Residencial,3250,0,2,1,218.52,jardim concórdia,https://www.imobiliariaaliancatoledo.com.br/detalhes-do-imovel.asp?id=7868,Imobiliária Aliança
"Casa para locação, JARDIM CONCÓRDIA, TOLEDO - PR ",Residencial,3250,0,2,1,218.52,jardim concórdia,https://www.imobiliariaaliancatoledo.com.br/detalhes-do-imovel.asp?id=7869,Imobiliária Aliança
"Casa para Locação, JARDIM GISELA, TOLEDO - PR ",Residencial,4000,0,2,1,200.48,jardim gisela,https://www.imobiliariaaliancatoledo.com.br/detalhes-do-imovel.asp?id=7884,Imobiliária Aliança
"Sobrado para locação, JARDIM GISELA, TOLEDO - PR ",Residencial,3400,0,0,3,113.7,jardim gisela,https://www.imobiliariaaliancatoledo.com.br/detalhes-do-imovel.asp?id=7885,Imobiliária Aliança
"Apartamento para locação, TOCANTINS, TOLEDO - PR ",Residencial,2500,,1,1,70.0,tocantins,https://www.imobiliariaaliancatoledo.com.br/detalhes-do-imovel.asp?id=7899,Imobiliária Aliança
"Apartamento para locação, TOCANTINS, TOLEDO - PR ",Residencial,2500,,1,1,70.0,tocantins,https://www.imobiliariaaliancatoledo.com.br/detalhes-do-imovel.asp?id=7900,Imobiliária Aliança
"Sala Comercial para locação, JARDIM GISELA, TOLEDO - PR ",Sala Comercial,2000,0,0,0,90.0,jardim gisela,https://www.imobiliariaaliancatoledo.com.br/detalhes-do-imovel.asp?id=7907,Imobiliária Aliança
"Casa para Locação, JARDIM LA SALLE, TOLEDO - PR ",Residencial,4800,,1,2,500.0,jardim la salle,https://www.imobiliariaaliancatoledo.com.br/detalhes-do-imovel.asp?id=7908,Imobiliária Aliança
"Casa para locação, VILA PIONEIRO, TOLEDO - PR ",Residencial,1800,0,3,0,333.69,vila pioneiro,https://www.imobiliariaaliancatoledo.com.br/detalhes-do-imovel.asp?id=7911,Imobiliária Aliança
"Barracão para venda, BR 163, TOLEDO - PR ",Barracão,20000,0,0,0,11092.0,br 163,https://www.imobiliariaaliancatoledo.com.br/detalhes-do-imovel.asp?id=7915,Imobiliária Aliança
"Casa para locação, VILA PIONEIRO, TOLEDO - PR ",Residencial,1600,0,3,0,298.0,vila pioneiro,https://www.imobiliariaaliancatoledo.com.br/detalhes-do-imovel.asp?id=7923,Imobiliária Aliança
SALA COMERCIAL NO JARDIM TOCANTINS ,Sala Comercial,1200,0,0,0,51.9,tocantins,https://www.imobiliariaaliancatoledo.com.br/detalhes-do-imovel.asp?id=7935,Imobiliária Aliança
"Apartamento para Locação, VILA INDUSTRIAL, TOLEDO - PR ",Residencial,2200,300,1,1,65.0,vila industrial,https://www.imobiliariaaliancatoledo.com.br/detalhes-do-imovel.asp?id=7949,Imobiliária Aliança
"Casa para locação, Vila Industrial, TOLEDO - PR ",Residencial,12500,0,1,3,5409.25,vila industrial,https://www.imobiliariaaliancatoledo.com.br/detalhes-do-imovel.asp?id=7955,Imobiliária Aliança
"Barracão para Transportadora, Fábricas, Indústrias, Depósitos, em TOLEDO - PR ",Barracão,22497,0,0,0,1200.0,jardim gisela,https://www.imobiliariaaliancatoledo.com.br/detalhes-do-imovel.asp?id=7956,Imobiliária Aliança
"Sobrado para Locação, JARDIM CONCÓRDIA, TOLEDO - PR ",Residencial,5600,0,0,3,180.0,jardim concórdia,https://www.imobiliariaaliancatoledo.com.br/detalhes-do-imovel.asp?id=7957,Imobiliária Aliança
"Apartamento para locação, CENTRO, TOLEDO - PR ",Residencial,4500,350,0,3,175.0,centro,https://www.imobiliariaaliancatoledo.com.br/detalhes-do-imovel.asp?id=7959,Imobiliária Aliança
"Apartamento para locação, CENTRO, TOLEDO - PR ",Residencial,2500,0,2,1,140.0,centro,https://www.imobiliariaaliancatoledo.com.br/detalhes-do-imovel.asp?id=7963,Imobiliária Aliança
"Apartamento para locação,309.09 m , VILA INDUSTRIAL, TOLEDO - PR ",Residencial,5900,,0,0,170.54,vila industrial,https://www.imobiliariaaliancatoledo.com.br/detalhes-do-imovel.asp?id=7981,Imobiliária Aliança
"Apartamento para locação,309.09 m , VILA INDUSTRIAL, TOLEDO - PR ",Residencial,5900,,0,0,170.54,vila industrial,https://www.imobiliariaaliancatoledo.com.br/detalhes-do-imovel.asp?id=7982,Imobiliária Aliança
"Sala Comercial para locação, CENTRO, TOLEDO - PR ",Sala Comercial,4900,0,0,0,160.0,centro,https://www.imobiliariaaliancatoledo.com.br/detalhes-do-imovel.asp?id=7983,Imobiliária Aliança
Barracão de esquina no Jardim Coopagro em Toledo  PR ,Barracão,3250,0,0,0,273.0,jardim coopagro,https://www.imobiliariaaliancatoledo.com.br/detalhes-do-imovel.asp?id=7986,Imobiliária Aliança
"Apartamento, CENTRO, TOLEDO - PR ",Residencial,1200,250,1,0,38.04,centro,https://www.imobiliariaaliancatoledo.com.br/detalhes-do-imovel.asp?id=7987,Imobiliária Aliança
"Sala Comercial para locação, CENTRO, TOLEDO - PR ",Sala Comercial,1700,0,0,0,536.5,centro,https://www.imobiliariaaliancatoledo.com.br/detalhes-do-imovel.asp?id=7989,Imobiliária Aliança
"Apartamento, JARDIM CONCÓRDIA, TOLEDO - PR ",Residencial,2000,0,2,0,102.46,jardim concórdia,https://www.imobiliariaaliancatoledo.com.br/detalhes-do-imovel.asp?id=7991,Imobiliária Aliança
"Apartamento para locação, JARDIM PANCERA, TOLEDO - PR ",Residencial,2200,350,1,1,115.0,jardim pancera,https://www.imobiliariaaliancatoledo.com.br/detalhes-do-imovel.asp?id=7998,Imobiliária Aliança
"Apartamento para locação, EDIFICIO SARTURI CENTRO, TOLEDO - PR ",Residencial,2350,250,2,0,69.0,centro,https://www.imobiliariaaliancatoledo.com.br/detalhes-do-imovel.asp?id=8000,Imobiliária Aliança
"Sala Comercial para locação, CENTRO, TOLEDO - PR ",Sala Comercial,10000,0,1,0,560.0,centro,https://www.imobiliariaaliancatoledo.com.br/detalhes-do-imovel.asp?id=8001,Imobiliária Aliança
"Casa para locação, VILA PIONEIRO, TOLEDO - PR ",Residencial,1600,0,2,0,72.43,vila pioneiro,https://www.imobiliariaaliancatoledo.com.br/detalhes-do-imovel.asp?id=8004,Imobiliária Aliança
"Apartamento para locação, JARDIM GISELA, TOLEDO - PR ",Residencial,2000,300,2,0,70.0,jardim gisela,https://www.imobiliariaaliancatoledo.com.br/detalhes-do-imovel.asp?id=8005,Imobiliária Aliança
"Casa para locação, CENTRO, TOLEDO - PR ",Residencial,3900,0,2,1,150.0,centro,https://www.imobiliariaaliancatoledo.com.br/detalhes-do-imovel.asp?id=8010,Imobiliária Aliança
"Casa para locação, JARDIM CONCÓRDIA, TOLEDO - PR ",Residencial,3000,0,2,1,0.01,jardim concórdia,https://www.imobiliariaaliancatoledo.com.br/detalhes-do-imovel.asp?id=8012,Imobiliária Aliança
"Apartamento para locação, JARDIM LA SALLE, TOLEDO - PR ",Residencial,1300,250,2,0,66.0,jardim la salle,https://www.imobiliariaaliancatoledo.com.br/detalhes-do-imovel.asp?id=8024,Imobiliária Aliança
"Apartamento para locação, VILA INDUSTRIAL, TOLEDO - PR ",Residencial,1500,300,2,0,70.47,vila industrial,https://www.imobiliariaaliancatoledo.com.br/detalhes-do-imovel.asp?id=8025,Imobiliária Aliança
"Apartamento para locação, JARDIM CONCÓRDIA, TOLEDO - PR ",Residencial,1300,250,2,0,74.29,jardim concórdia,https://www.imobiliariaaliancatoledo.com.br/detalhes-do-imovel.asp?id=8027,Imobiliária Aliança
"Apartamento para locação, CENTRO, TOLEDO - PR ",Residencial,4000,550,2,1,200.0,centro,https://www.imobiliariaaliancatoledo.com.br/detalhes-do-imovel.asp?id=8048,Imobiliária Aliança
"Sobrado em chácara para locação, Jardim Coopagro, TOLEDO - PR ",Residencial,5900,0,2,1,3000.0,jardim coopagro,https://www.imobiliariaaliancatoledo.com.br/detalhes-do-imovel.asp?id=8049,Imobiliária Aliança
"Barracão para locação, VILA BECKER, TOLEDO - PR ",Barracão,13000,,0,0,550.2,vila becker,https://www.imobiliariaaliancatoledo.com.br/detalhes-do-imovel.asp?id=8050,Imobiliária Aliança
TERRENO BAIRRO CENTRO ,Terreno,2700000,0,0,0,900.0,centro,https://www.imobiliariaaliancatoledo.com.br/detalhes-do-imovel.asp?id=7154,Imobiliária Aliança
"Casa para locação, JARDIM GISELA, TOLEDO - PR ",Residencial,520000,0,3,0,202.0,jardim gisela,https://www.imobiliariaaliancatoledo.com.br/detalhes-do-imovel.asp?id=8052,Imobiliária Aliança
KITNET DISPONÍVEL PARA LOCAÇÃO NO JD. COOPAGRO - TOLEDO - PR,Sala Comercial,900,,2,0,35.0,Jardim Coopagro,https://www.imobiliarialasalle.com.br/imovel/locacao/casa/toledo-pr/jardim-coopagro/kitnet-disponivel-para-locacao-no-jd--coopagro---toledo---pr/594385,Imobiliária La Salle
"APARTAMENTO COM 01 QUARTO PARA LOCAÇÃO, VILA BECKER - TOLEDO PR",Sala Comercial,1150, 150,1,0,,Vila Becker,https://www.imobiliarialasalle.com.br/imovel/locacao/apartamento/toledo-pr/vila-becker/apartamento-com-01-quarto-para-locacao--vila-becker---toledo-pr/873620,Imobiliária La Salle
"Apartamento para locação, Jardim Santa Maria, TOLEDO - PR",Sala Comercial,1200, 250,2,0,65.0,Jardim Santa Maria,https://www.imobiliarialasalle.com.br/imovel/locacao/apartamento/toledo-pr/jardim-santa-maria/apartamento-para-locacao--jardim-santa-maria--toledo---pr/365364,Imobiliária La Salle
"Apartamento para locação, Jardim Santa Maria, TOLEDO - PR",Sala Comercial,1300, 180,2,0,55.0,Jardim Santa Maria,https://www.imobiliarialasalle.com.br/imovel/locacao/apartamento/toledo-pr/jardim-santa-maria/apartamento-para-locacao--jardim-santa-maria--toledo---pr/869640,Imobiliária La Salle
"Apartamento com 2 dormitórios para locação, Jardim La Salle, TOLEDO - PR",Sala Comercial,1550, 300,2,0,73.16,Jardim La Salle,https://www.imobiliarialasalle.com.br/imovel/locacao/apartamento/toledo-pr/jardim-la-salle/apartamento-com-2-dormitorios-para-locacao--jardim-la-salle--toledo---pr/663455,Imobiliária La Salle
SOBRADO COM 01 SUÍTE E 01 QUARTO PARA LOCAÇÃO NO CENTRO DE TOLEDO PR,Sala Comercial,1600,,1,1,62.0,Centro,https://www.imobiliarialasalle.com.br/imovel/locacao/sobrado/toledo-pr/centro/sobrado-com-01-suite-e-01-quarto-para-locacao-no-centro-de-toledo-pr/853496,Imobiliária La Salle
"CASA NOVA COM 03 QUARTOS PARA LOCAÇÃO, JD. SÃO FRANCISCO - TOLEDO PR",Sala Comercial,1650,,3,0,125.0,Jardim São Francisco,https://www.imobiliarialasalle.com.br/imovel/locacao/casa/toledo-pr/jardim-sao-francisco/casa-nova-com-03-quartos-para-locacao--jd--sao-francisco---toledo-pr/804109,Imobiliária La Salle
APARTAMENTO COM 01 SUÍTE E 02 QUARTOS PARA LOCAÇÃO NO CENTRO - TOLEDO PR,Sala Comercial,1750, 380,2,1,,Centro,https://www.imobiliarialasalle.com.br/imovel/locacao/apartamento/toledo-pr/centro/apartamento-com-01-suite-e-02-quartos-para-locacao-no-centro---toledo-pr/236831,Imobiliária La Salle
"APARTAMENTO SEMI MOBILIADO PARA LOCAÇÃO, VILA INDUSTRIAL - TOLEDO PR",Sala Comercial,1750, 300,2,0,,Vila Industrial,https://www.imobiliarialasalle.com.br/imovel/locacao/apartamento/toledo-pr/vila-industrial/apartamento-semi-mobiliado-para-locacao--vila-industrial---toledo-pr/855663,Imobiliária La Salle
"Apartamento com 2 dormitórios para locação, Vila Industrial, TOLEDO - PR",Sala Comercial,1750, 300,0,2,80.0,Vila Industrial,https://www.imobiliarialasalle.com.br/imovel/locacao/apartamento/toledo-pr/vila-industrial/apartamento-com-2-dormitorios-para-locacao--vila-industrial--toledo---pr/565686,Imobiliária La Salle
"CASA NOVA COM 01 SUÍTE E 01 QUARTO PARA LOCAÇÃO, JD. COOPAGRO - TOLEDO PR",Sala Comercial,1900,,1,1,125.0,Jardim Coopagro,https://www.imobiliarialasalle.com.br/imovel/locacao/casa/toledo-pr/jardim-coopagro/casa-nova-com-01-suite-e-01-quarto-para-locacao--jd--coopagro---toledo-pr/851821,Imobiliária La Salle
"Casa para locação, Jardim Pancera, TOLEDO - PR",Sala Comercial,2000,,3,0,105.0,Jardim Pancera,https://www.imobiliarialasalle.com.br/imovel/locacao/casa/toledo-pr/jardim-pancera/casa-para-locacao--jardim-pancera--toledo---pr/356918,Imobiliária La Salle
"APARTAMENTO SEMI MOBILIADO DISPONÍVEL PARA LOCAÇÃO, JD. LA SALLE - TOLEDO PR",Sala Comercial,2100, 300,2,0,,Jardim La Salle,https://www.imobiliarialasalle.com.br/imovel/locacao/apartamento/toledo-pr/jardim-la-salle/apartamento-semi-mobiliado-disponivel-para-locacao--jd--la-salle---toledo-pr/811350,Imobiliária La Salle
"APARTAMENTO COM 01 SUÍTE E 01 QUARTO PARALOCAÇÃO, VILA PIONEIRO - TOLEDO PR",Sala Comercial,2200,,1,1,,Vila Pioneiro,https://www.imobiliarialasalle.com.br/imovel/locacao/apartamento/toledo-pr/vila-pioneiro/apartamento-com-01-suite-e-01-quarto-paralocacao--vila-pioneiro---toledo-pr/873262,Imobiliária La Salle
CASA COM 01 SUÍTE E 02 QUARTOS PARA LOCAÇÃO NO CENTRO DE TOLEDO PR,Sala Comercial,2250,,2,1,237.59,Centro,https://www.imobiliarialasalle.com.br/imovel/locacao/casa/toledo-pr/centro/casa-com-01-suite-e-02-quartos-para-locacao-no-centro-de-toledo-pr/811564,Imobiliária La Salle
"Apartamento para locação, Jardim Tocantins, TOLEDO - PR",Sala Comercial,2500, 300,1,1,,Jardim Tocantins,https://www.imobiliarialasalle.com.br/imovel/locacao/apartamento/toledo-pr/jardim-tocantins/apartamento-para-locacao--jardim-tocantins--toledo---pr/860175,Imobiliária La Salle
"APARTAMENTO SEMI MOBILIADO PARA LOCAÇÃO, CENTRO - TOLEDO PR",Sala Comercial,2500, 350,1,1,118.0,Centro,https://www.imobiliarialasalle.com.br/imovel/locacao/apartamento/toledo-pr/centro/apartamento-semi-mobiliado-para-locacao--centro---toledo-pr/871446,Imobiliária La Salle
"SALA COMERCIAL PARA LOCAÇÃO NA AVENIDA MINISTRO CIRNE LIMA, TOLEDO - PR",Sala Comercial,2500,,0,0,120.0,Vila Becker,https://www.imobiliarialasalle.com.br/imovel/locacao/sala-comercial/toledo-pr/vila-becker/sala-comercial-para-locacao-na-avenida-ministro-cirne-lima--toledo---pr/478315,Imobiliária La Salle
"Loja para locação, Centro, TOLEDO - PR",Sala Comercial,2500,,0,0,28.0,Centro,https://www.imobiliarialasalle.com.br/imovel/locacao/loja/toledo-pr/centro/loja-para-locacao--centro--toledo---pr/511111,Imobiliária La Salle
"Apartamento para locação, Jardim Tocantins, TOLEDO - PR",Sala Comercial,2500, 300,1,1,,Jardim Tocantins,https://www.imobiliarialasalle.com.br/imovel/locacao/apartamento/toledo-pr/jardim-tocantins/apartamento-para-locacao--jardim-tocantins--toledo---pr/861836,Imobiliária La Salle
"SOBRADO PARA LOCAÇÃO COM 01 SUÍTE E 02 QUARTOS, JD. COOPAGRO - TOLEDO PR",Sala Comercial,2500,,2,1,110.0,Jardim Coopagro,https://www.imobiliarialasalle.com.br/imovel/locacao/sobrado/toledo-pr/jardim-coopagro/sobrado-para-locacao-com-01-suite-e-02-quartos--jd--coopagro---toledo-pr/853390,Imobiliária La Salle
"DUPLEX COM 01 SUÍTE E 04 QUARTOS PARA LOCAÇÃO, CENTRO - TOLEDO PR",Sala Comercial,2750,,4,1,,Centro,https://www.imobiliarialasalle.com.br/imovel/locacao/apartamento/toledo-pr/centro/duplex-com-01-suite-e-04-quartos-para-locacao--centro---toledo-pr/837319,Imobiliária La Salle
"Sala Comercial para locação, Vila Pioneiro, TOLEDO - PR",Sala Comercial,2800,,0,0,,Vila Pioneiro,https://www.imobiliarialasalle.com.br/imovel/locacao/sala-comercial/toledo-pr/vila-pioneiro/sala-comercial-para-locacao--vila-pioneiro--toledo---pr/863120,Imobiliária La Salle
"SOBRADO COM 02 QUARTOS DISPONÍVEL PARA LOCAÇÃO, JD. PARIZZOTTO - TOLEDO PR",Sala Comercial,3000,,2,0,70.0,Jardim Parizotto,https://www.imobiliarialasalle.com.br/imovel/locacao/sobrado/toledo-pr/jardim-parizotto/sobrado-com-02-quartos-disponivel-para-locacao--jd--parizzotto---toledo-pr/781904,Imobiliária La Salle
SALA COMERCIAL DISPONÍVEL PARA LOCAÇÃO NO CENTRO DE TOLEDO PR,Sala Comercial,3000,,0,0,,Centro,https://www.imobiliarialasalle.com.br/imovel/locacao/sala-comercial/toledo-pr/centro/sala-comercial-disponivel-para-locacao-no-centro-de-toledo-pr/870604,Imobiliária La Salle
CASA SEMI MOBILIADA PARA LOCAÇÃO NO JD. CONCORDIA  - TOLEDO PR,Sala Comercial,3000,,2,1,,Jardim Concórdia,https://www.imobiliarialasalle.com.br/imovel/locacao/casa/toledo-pr/jardim-concordia/casa-semi-mobiliada-para-locacao-no-jd--concordia----toledo-pr/875263,Imobiliária La Salle
"CASA COM 01 SUÍTE E 02 QUARTOS PARA LOCAÇÃO, VILA INDUSTRIAL - TOLEDO PR",Sala Comercial,3100,,2,1,195.0,Vila Industrial,https://www.imobiliarialasalle.com.br/imovel/locacao/casa/toledo-pr/vila-industrial/casa-com-01-suite-e-02-quartos-para-locacao--vila-industrial---toledo-pr/804649,Imobiliária La Salle
"APARTAMENTO COM 03 SUÍTES PARA LOCAÇÃO, CENTRO DE TOLEDO PR",Sala Comercial,3400, 500,0,3,195.0,Centro,https://www.imobiliarialasalle.com.br/imovel/locacao/apartamento/toledo-pr/centro/apartamento-com-03-suites-para-locacao--centro-de-toledo-pr/875365,Imobiliária La Salle
"Barracão para locação, Centro, TOLEDO - PR",Barracão,3500,,0,0,240.0,Centro,https://www.imobiliarialasalle.com.br/imovel/locacao/barracao/toledo-pr/centro/barracao-para-locacao--centro--toledo---pr/757646,Imobiliária La Salle
"SOBRADO COM 03 SUÍTES PARA LOCAÇÃO NO JARDIM GISELA, TOLEDO PR",Sala Comercial,3600,,0,3,138.0,Jardim Gisela,https://www.imobiliarialasalle.com.br/imovel/locacao/sobrado/toledo-pr/jardim-gisela/sobrado-com-03-suites-para-locacao-no-jardim-gisela--toledo-pr/866165,Imobiliária La Salle
"Sala Comercial para locação, Centro, TOLEDO - PR",Sala Comercial,3700, 200,0,0,,Centro,https://www.imobiliarialasalle.com.br/imovel/locacao/sala-comercial/toledo-pr/centro/sala-comercial-para-locacao--centro--toledo---pr/687601,Imobiliária La Salle
"Apartamento com 3 dormitórios para locação, Jardim La Salle, TOLEDO - PR",Sala Comercial,3800, 420,2,1,120.0,Jardim La Salle,https://www.imobiliarialasalle.com.br/imovel/locacao/apartamento/toledo-pr/jardim-la-salle/apartamento-com-3-dormitorios-para-locacao--jardim-la-salle--toledo---pr/641439,Imobiliária La Salle
"APARTAMENTO COM 01 SUÍTE E 02 QUARTOS PARA LOCAÇÃO, CENTRO - TOLEDO PR",Sala Comercial,4300, 400,2,1,164.0,Centro,https://www.imobiliarialasalle.com.br/imovel/locacao/apartamento/toledo-pr/centro/apartamento-com-01-suite-e-02-quartos-para-locacao--centro---toledo-pr/811617,Imobiliária La Salle
"SOBRADO COM PISCINA PARA LOCAÇÃO, JD. CONCÓRDIA - TOLEDO PR",Sala Comercial,5600,,0,3,175.0,Jardim Concórdia,https://www.imobiliarialasalle.com.br/imovel/locacao/sobrado/toledo-pr/jardim-concordia/sobrado-com-piscina-para-locacao--jd--concordia---toledo-pr/873067,Imobiliária La Salle
SOBRADO EM CHÁCARA  DISPONIVEL PARA LOCAÇÃO NO JARDIM COOPAGRO - TOLEDO - PR,Sala Comercial,5900,,0,0,3000.0,Jardim Coopagro,https://www.imobiliarialasalle.com.br/imovel/locacao/sobrado/toledo-pr/jardim-coopagro/sobrado-em-chacara--disponivel-para-locacao-no-jardim-coopagro---toledo---pr/556492,Imobiliária La Salle
"Casa com 3 dormitórios para locação, Jardim Pancera, TOLEDO - PR",Sala Comercial,6250,,2,1,514.85,Jardim Pancera,https://www.imobiliarialasalle.com.br/imovel/locacao/casa/toledo-pr/jardim-pancera/casa-com-3-dormitorios-para-locacao--jardim-pancera--toledo---pr/634826,Imobiliária La Salle
"BARRACÃO DISPONÍVEL PARA LOCAÇÃO, JARDIM TOCANTINS - TOLEDO PR",Barracão,6900,,0,0,,Jardim Tocantins,https://www.imobiliarialasalle.com.br/imovel/locacao/barracao/toledo-pr/jardim-tocantins/barracao-disponivel-para-locacao--jardim-tocantins---toledo-pr/873155,Imobiliária La Salle
Baracão para Locação com excelente localização no Bairro Tocantins,Barracão,9000,,0,0,500.0,JD. TOCANTINS,https://www.imobiliarialasalle.com.br/imovel/locacao/barracao/toledo-pr/jd--tocantins/baracao-para-locacao-com-excelente-localizacao-no-bairro-tocantins/877021,Imobiliária La Salle
"Sobrado com 7 dormitórios para locação, Centro, TOLEDO - PR",Sala Comercial,11000,,0,0,490.0,Centro,https://www.imobiliarialasalle.com.br/imovel/locacao/sobrado/toledo-pr/centro/sobrado-com-7-dormitorios-para-locacao--centro--toledo---pr/481659,Imobiliária La Salle
SALA COMERCIAL COM 560 MT  DISPONÍVEL PARA LOCAÇÃO NO CENTRO - TOLEDO PR,Sala Comercial,12000,,0,0,560.0,Centro,https://www.imobiliarialasalle.com.br/imovel/locacao/sala-comercial/toledo-pr/centro/sala-comercial-com-560-mt--disponivel-para-locacao-no-centro---toledo-pr/775333,Imobiliária La Salle
"SALA COMERCIAL COM 992M  DISPONÍVEL PARA LOCAÇÃO NO CENTRO, TOLEDO PR",Sala Comercial,23000,,0,0,992.0,Centro,https://www.imobiliarialasalle.com.br/imovel/locacao/sala-comercial/toledo-pr/centro/sala-comercial-com-992m--disponivel-para-locacao-no-centro--toledo-pr/818957,Imobiliária La Salle
Apartamento 3 Quartos Jardim La Salle 80m²,Residencial,1850.0,280,3,1,80.0,Jardim La Salle,https://lokatell.com.br/imovel/2963/apartamento-3-quartos-jardim-la-salle-toledo/,Imobiliária Lokatell
Casa 2 Quartos Sao Francisco 56m²,Residencial,1400.0,0,0,0,0,Sao Francisco,https://lokatell.com.br/imovel/14376/casa-2-quartos-sao-francisco-toledo/,Imobiliária Lokatell
,Residencial,1400.0,0,3,1,75.0,,https://lokatell.com.br/imovel/10140/casa-3-quartos-jardim-panorama-toledo/,Imobiliária Lokatell
Casa 3 Quartos Vila Industrial 80m²,Residencial,2700.0,0,3,1,80.0,Vila Industrial,https://lokatell.com.br/imovel/6435/casa-3-quartos-vila-industrial-toledo/,Imobiliária Lokatell
Apartamento 2 Quartos Jardim Coopagro 60m²,Residencial,1200.0,290,2,0,60.0,Jardim Coopagro,https://lokatell.com.br/imovel/324/apartamento-2-quartos-jardim-coopagro-toledo/,Imobiliária Lokatell
Casa 2 Quartos Vila Pioneiro 64m²,Residencial,2230.0,0,2,0,64.0,Vila Pioneiro,https://lokatell.com.br/imovel/17813/casa-2-quartos-vila-pioneiro-toledo/,Imobiliária Lokatell
Apartamento 2 Quartos Vila Industrial 70m²,Residencial,1500.0,220,2,0,70.0,Vila Industrial,https://lokatell.com.br/imovel/6333/apartamento-2-quartos-vila-industrial-toledo/,Imobiliária Lokatell
Casa 2 Quartos Jardim Gisela 70m²,Residencial,2200.0,0,2,0,70.0,Jardim Gisela,https://lokatell.com.br/imovel/19076/casa-2-quartos-jardim-gisela-toledo/,Imobiliária Lokatell
Casa 4 Quartos Jardim Pancera 343m²,Residencial,4500.0,0,4,1,343.0,Jardim Pancera,https://lokatell.com.br/imovel/18996/casa-4-quartos-jardim-pancera-toledo/,Imobiliária Lokatell
Apartamento 2 Quartos Jardim Coopagro 56m²,Residencial,1290.0,350,2,0,56.0,Jardim Coopagro,https://lokatell.com.br/imovel/7085/apartamento-2-quartos-jardim-coopagro-toledo/,Imobiliária Lokatell
Sobrado 3 Quartos Jardim Pancera 80m²,Residencial,1800.0,100,3,0,80.0,Jardim Pancera,https://lokatell.com.br/imovel/15724/sobrado-3-quartos-jardim-pancera-toledo/,Imobiliária Lokatell
Casa 2 Quartos Jardim Coopagro 63m²,Residencial,2000.0,0,2,1,63.0,Jardim Coopagro,https://lokatell.com.br/imovel/18991/casa-2-quartos-jardim-coopagro-toledo/,Imobiliária Lokatell
Apartamento 2 Quartos Sao Francisco 55m²,Residencial,1200.0,245,2,0,55.0,Sao Francisco,https://lokatell.com.br/imovel/18673/apartamento-2-quartos-sao-francisco-toledo/,Imobiliária Lokatell
Apartamento 2 Quartos Jardim Pancera 65m²,Residencial,1350.0,250,2,0,65.0,Jardim Pancera,https://lokatell.com.br/imovel/19024/apartamento-2-quartos-jardim-pancera-toledo/,Imobiliária Lokatell
Casa 3 Quartos Jardim Parizzotto 72m²,Residencial,1800.0,70,3,0,72.0,Jardim Parizzotto,https://lokatell.com.br/imovel/13254/casa-3-quartos-jardim-parizzotto-toledo/,Imobiliária Lokatell
Apartamento 3 Quartos Centro 206m²,Residencial,3500.0,350,3,1,206.0,Centro,https://lokatell.com.br/imovel/17406/apartamento-3-quartos-centro-toledo/,Imobiliária Lokatell
Casa 3 Quartos Centro 169m²,Residencial,4000.0,0,3,0,169.0,Centro,https://lokatell.com.br/imovel/12406/casa-3-quartos-centro-toledo/,Imobiliária Lokatell
Apartamento 2 Quartos Jardim Coopagro 70m²,Residencial,1290.0,250,2,0,70.0,Jardim Coopagro,https://lokatell.com.br/imovel/77/apartamento-2-quartos-jardim-coopagro-toledo/,Imobiliária Lokatell
Apartamento 2 Quartos Jardim Concordia 53m²,Residencial,1700.0,250,2,0,53.0,Jardim Concordia,https://lokatell.com.br/imovel/18362/apartamento-2-quartos-jardim-concordia-toledo/,Imobiliária Lokatell
Casa 3 Quartos Jardim Pancera 105m²,Residencial,2300.0,0,3,0,105.0,Jardim Pancera,https://lokatell.com.br/imovel/18237/casa-3-quartos-jardim-pancera-toledo/,Imobiliária Lokatell
Apartamento 2 Quartos Jardim Pancera 65m²,Residencial,2200.0,350,2,0,65.0,Jardim Pancera,https://lokatell.com.br/imovel/18519/apartamento-2-quartos-jardim-pancera-toledo/,Imobiliária Lokatell
Casa 2 Quartos Jardim Coopagro 70m²,Residencial,1900.0,0,2,1,70.0,Jardim Coopagro,https://lokatell.com.br/imovel/18484/casa-2-quartos-jardim-coopagro-toledo/,Imobiliária Lokatell
Apartamento 2 Quartos Vila Becker 43m²,Residencial,1500.0,250,2,0,43.0,Vila Becker,https://lokatell.com.br/imovel/13753/apartamento-2-quartos-vila-becker-toledo/,Imobiliária Lokatell
Casa 3 Quartos Jardim Panorama 200m²,Residencial,3100.0,0,3,1,200.0,Jardim Panorama,https://lokatell.com.br/imovel/19142/casa-3-quartos-jardim-panorama-toledo/,Imobiliária Lokatell
Casa 2 Quartos Sao Francisco 60m²,Residencial,3100.0,0,0,0,0,Sao Francisco,https://lokatell.com.br/imovel/16556/casa-2-quartos-sao-francisco-toledo/,Imobiliária Lokatell
Casa 2 Quartos Jardim Pancera 55m²,Residencial,1520.0,0,2,0,55.0,Jardim Pancera,https://lokatell.com.br/imovel/18891/casa-2-quartos-jardim-pancera-toledo/,Imobiliária Lokatell
Apartamento 2 Quartos Tocantins 70m²,Residencial,1700.0,0,2,0,70.0,Tocantins,https://lokatell.com.br/imovel/18569/apartamento-2-quartos-tocantins-toledo/,Imobiliária Lokatell
Apartamento 3 Quartos Jardim La Salle 130m²,Residencial,3600.0,350,3,1,130.0,Jardim La Salle,https://lokatell.com.br/imovel/18773/apartamento-3-quartos-jardim-la-salle-toledo/,Imobiliária Lokatell
Casa 3 Quartos Centro 150m²,Residencial,4500.0,0,3,1,150.0,Centro,https://lokatell.com.br/imovel/18894/casa-3-quartos-centro-toledo/,Imobiliária Lokatell
Casa 1 Quarto Jardim Parizzotto 55m²,Residencial,1800.0,0,1,1,55.0,Jardim Parizzotto,https://lokatell.com.br/imovel/13010/casa-1-quarto-jardim-parizzotto-toledo/,Imobiliária Lokatell
Sobrado 3 Quartos Jardim Anapolis 138m²,Residencial,3600.0,0,3,3,138.0,Jardim Anapolis,https://lokatell.com.br/imovel/18622/sobrado-3-quartos-jardim-anapolis-toledo/,Imobiliária Lokatell
Apartamento 2 Quartos Jardim Pancera 70m²,Residencial,1900.0,280,2,0,70.0,Jardim Pancera,https://lokatell.com.br/imovel/6709/apartamento-2-quartos-jardim-pancera-toledo/,Imobiliária Lokatell
Casa 3 Quartos Centro 79m²,Residencial,2600.0,0,3,1,79.0,Centro,https://lokatell.com.br/imovel/9707/casa-3-quartos-centro-toledo/,Imobiliária Lokatell
Sobrado 2 Quartos Jardim Santa Maria 219m²,Residencial,4450.0,0,2,2,219.0,Jardim Santa Maria,https://lokatell.com.br/imovel/18695/sobrado-2-quartos-jardim-santa-maria-toledo/,Imobiliária Lokatell
Apartamento 2 Quartos Jardim Concordia 55m²,Residencial,1300.0,250,2,0,55.0,Jardim Concordia,https://lokatell.com.br/imovel/18804/apartamento-2-quartos-jardim-concordia-toledo/,Imobiliária Lokatell
Casa 3 Quartos Jardim Pancera 65m²,Residencial,1800.0,0,3,0,65.0,Jardim Pancera,https://lokatell.com.br/imovel/18892/casa-3-quartos-jardim-pancera-toledo/,Imobiliária Lokatell
,Residencial,5600.0,0,3,3,160.0,,https://lokatell.com.br/imovel/19019/sobrado-3-quartos-jardim-concordia-toledo/,Imobiliária Lokatell
Casa Comercial Jardim La Salle 175m²,Residencial,6000.0,0,0,0,175.0,Jardim La Salle,https://lokatell.com.br/imovel/17443/casa-comercial-3-quartos-jardim-la-salle-toledo/,Imobiliária Lokatell
Sala Comercial Jardim Coopagro 30m²,Residencial,1000.0,0,0,0,30.0,Jardim Coopagro,https://lokatell.com.br/imovel/17082/sala-comercial-jardim-coopagro-toledo/,Imobiliária Lokatell
Casa 3 Quartos Tocantins 184m²,Residencial,6000.0,0,3,1,184.0,Tocantins,https://lokatell.com.br/imovel/18592/casa-3-quartos-tocantins-toledo/,Imobiliária Lokatell
Casa 3 Quartos Vila Industrial 95m²,Residencial,3100.0,0,3,1,95.0,Vila Industrial,https://lokatell.com.br/imovel/19034/casa-3-quartos-vila-industrial-toledo/,Imobiliária Lokatell
Apartamento 2 Quartos Jardim Pancera 71m²,Residencial,1800.0,300,2,0,71.0,Jardim Pancera,https://lokatell.com.br/imovel/18908/apartamento-2-quartos-jardim-pancera-toledo/,Imobiliária Lokatell
Apartamento 2 Quartos Vila Industrial 170m²,Residencial,5900.0,0,2,2,170.0,Vila Industrial,https://lokatell.com.br/imovel/18469/apartamento-2-quartos-vila-industrial-toledo/,Imobiliária Lokatell
Apartamento 3 Quartos Centro 120m²,Residencial,3000.0,350,3,1,120.0,Centro,https://lokatell.com.br/imovel/17523/apartamento-3-quartos-centro-toledo/,Imobiliária Lokatell
Apartamento 2 Quartos Centro 55m²,Residencial,1350.0,130,2,0,55.0,Centro,https://lokatell.com.br/imovel/12404/apartamento-2-quartos-centro-toledo/,Imobiliária Lokatell
Sobrado 3 Quartos Tocantins 180m²,Residencial,7500.0,0,3,1,180.0,Tocantins,https://lokatell.com.br/imovel/14918/sobrado-3-quartos-tocantins-toledo/,Imobiliária Lokatell
Apartamento 2 Quartos Jardim Anapolis 52m²,Residencial,2200.0,260,2,0,52.0,Jardim Anapolis,https://lokatell.com.br/imovel/6848/apartamento-2-quartos-jardim-anapolis-toledo/,Imobiliária Lokatell
Apartamento 2 Quartos Jardim Santa Maria 85m²,Residencial,1800.0,330,2,0,85.0,Jardim Santa Maria,https://lokatell.com.br/imovel/18185/apartamento-2-quartos-jardim-santa-maria-toledo/,Imobiliária Lokatell
Sobrado 3 Quartos Jardim Concordia 167m²,Residencial,2800.0,0,0,0,0,Jardim Concordia,https://lokatell.com.br/imovel/18442/sobrado-3-quartos-jardim-concordia-toledo/,Imobiliária Lokatell
,Residencial,2800.0,0,3,1,167.0,,https://lokatell.com.br/imovel/18443/sobrado-3-quartos-jardim-concordia-toledo/,Imobiliária Lokatell
Apartamento 2 Quartos Vila Industrial 170m²,Residencial,5900.0,0,2,2,170.0,Vila Industrial,https://lokatell.com.br/imovel/19061/apartamento-2-quartos-vila-industrial-toledo/,Imobiliária Lokatell
Apartamento 3 Quartos Centro 111m²,Residencial,3950.0,600,3,1,111.0,Centro,https://lokatell.com.br/imovel/18242/apartamento-3-quartos-centro-toledo/,Imobiliária Lokatell
Apartamento 2 Quartos Vila Industrial 55m²,Residencial,1800.0,280,2,0,55.0,Vila Industrial,https://lokatell.com.br/imovel/6904/apartamento-2-quartos-interlagos-vila-industrial-toledo/,Imobiliária Lokatell
Apartamento 2 Quartos Jardim Santa Maria 75m²,Residencial,2350.0,330,2,1,75.0,Jardim Santa Maria,https://lokatell.com.br/imovel/18725/apartamento-2-quartos-jardim-santa-maria-toledo/,Imobiliária Lokatell
Sala Comercial Vila Pioneiro 100m²,Residencial,2800.0,0,0,0,100.0,Vila Pioneiro,https://lokatell.com.br/imovel/19068/sala-comercial-vila-pioneiro-toledo/,Imobiliária Lokatell
Sobrado 4 Quartos Vila Industrial 554m²,Residencial,11000.0,0,4,4,554.0,Vila Industrial,https://lokatell.com.br/imovel/18422/sobrado-4-quartos-vila-industrial-toledo/,Imobiliária Lokatell
Apartamento 2 Quartos Vila Becker 68m²,Residencial,2200.0,300,2,0,68.0,Vila Becker,https://lokatell.com.br/imovel/19131/apartamento-2-quartos-vila-becker-toledo/,Imobiliária Lokatell
Apartamento 2 Quartos Vila Becker 55m²,Residencial,2000.0,450,2,0,55.0,Vila Becker,https://lokatell.com.br/imovel/18791/apartamento-2-quartos-znt-leonir-giaretta-vila-becker-toledo/,Imobiliária Lokatell
Apartamento 3 Quartos Jardim La Salle 90m²,Residencial,2300.0,360,3,1,90.0,Jardim La Salle,https://lokatell.com.br/imovel/7839/apartamento-3-quartos-jardim-la-salle-toledo/,Imobiliária Lokatell
Apartamento 2 Quartos Jardim La Salle 100m²,Residencial,3300.0,400,2,1,100.0,Jardim La Salle,https://lokatell.com.br/imovel/18629/apartamento-2-quartos-jardim-la-salle-toledo/,Imobiliária Lokatell
,Residencial,3300.0,0,0,0,38.0,,https://lokatell.com.br/imovel/14527/sala-comercial-centro-toledo/,Imobiliária Lokatell
Sala Comercial Centro 57m²,Residencial,2000.0,400,0,0,57.0,Centro,https://lokatell.com.br/imovel/17715/sala-comercial-centro-toledo/,Imobiliária Lokatell
Apartamento 2 Quartos Jardim Gisela 85m²,Residencial,3000.0,250,2,1,85.0,Jardim Gisela,https://lokatell.com.br/imovel/18153/apartamento-2-quartos-jardim-gisela-toledo/,Imobiliária Lokatell
Apartamento 4 Quartos Centro 140m²,Residencial,2500.0,0,4,1,140.0,Centro,https://lokatell.com.br/imovel/18731/apartamento-4-quartos-centro-toledo/,Imobiliária Lokatell
Sala Comercial Centro 50m²,Residencial,1700.0,300,0,0,50.0,Centro,https://lokatell.com.br/imovel/18898/sala-comercial-centro-toledo/,Imobiliária Lokatell
Casa 3 Quartos Jardim Pancera 120m²,Residencial,7700.0,0,3,1,120.0,Jardim Pancera,https://lokatell.com.br/imovel/17824/casa-3-quartos-jardim-pancera-toledo/,Imobiliária Lokatell
Apartamento 2 Quartos Jardim Pancera 69m²,Residencial,2200.0,300,2,1,69.0,Jardim Pancera,https://lokatell.com.br/imovel/19171/apartamento-2-quartos-jardim-pancera-toledo/,Imobiliária Lokatell
Apartamento 2 Quartos Vila Pioneiro 146m²,Residencial,2200.0,0,2,1,146.0,Vila Pioneiro,https://lokatell.com.br/imovel/19067/apartamento-2-quartos-vila-pioneiro-toledo/,Imobiliária Lokatell
Sobrado 2 Quartos Jardim Pancera 132m²,Residencial,5900.0,0,2,1,132.0,Jardim Pancera,https://lokatell.com.br/imovel/18623/sobrado-2-quartos-jardim-pancera-toledo/,Imobiliária Lokatell
Sala Comercial Novo Sobradinho 100m²,Residencial,1800.0,0,0,0,100.0,Novo Sobradinho,https://lokatell.com.br/imovel/18542/sala-comercial-novo-sobradinho-toledo/,Imobiliária Lokatell
Casa Comercial Centro 267m²,Residencial,4300.0,0,0,0,267.0,Centro,https://lokatell.com.br/imovel/19022/casa-comercial-5-quartos-centro-toledo/,Imobiliária Lokatell
Sobrado 2 Quartos Jardim Parizzotto 70m²,Residencial,3000.0,0,2,0,70.0,Jardim Parizzotto,https://lokatell.com.br/imovel/19084/sobrado-2-quartos-jardim-parizzotto-toledo/,Imobiliária Lokatell
Apartamento 3 Quartos Centro 135m²,Residencial,5550.0,350,3,3,135.0,Centro,https://lokatell.com.br/imovel/16190/apartamento-3-quartos-centro-toledo/,Imobiliária Lokatell
Sala Comercial Centro 50m²,Residencial,1650.0,0,0,0,50.0,Centro,https://lokatell.com.br/imovel/14914/sala-comercial-2-quartos-centro-toledo/,Imobiliária Lokatell
Sobrado 5 Quartos Centro 490m²,Residencial,12550.0,0,5,2,490.0,Centro,https://lokatell.com.br/imovel/10605/sobrado-5-quartos-centro-toledo/,Imobiliária Lokatell
Sobrado 2 Quartos Jardim Coopagro 80m²,Residencial,5600.0,0,2,2,80.0,Jardim Coopagro,https://lokatell.com.br/imovel/17041/sobrado-2-quartos-jardim-coopagro-toledo/,Imobiliária Lokatell
Sala Comercial Centro 84m²,Residencial,4000.0,350,0,0,84.0,Centro,https://lokatell.com.br/imovel/5904/sala-comercial-centro-toledo/,Imobiliária Lokatell
Apartamento 3 Quartos Centro 164m²,Residencial,4500.0,400,3,1,164.0,Centro,https://lokatell.com.br/imovel/18299/apartamento-3-quartos-centro-toledo/,Imobiliária Lokatell
Sala Comercial Centro 110m²,Residencial,3200.0,75,0,0,110.0,Centro,https://lokatell.com.br/imovel/16411/sala-comercial-centro-toledo/,Imobiliária Lokatell
Sala Comercial Vila Pioneiro 180m²,Residencial,4000.0,0,0,0,180.0,Vila Pioneiro,https://lokatell.com.br/imovel/18619/sala-comercial-vila-pioneiro-toledo/,Imobiliária Lokatell
Sala Comercial Centro 210m²,Residencial,3900.0,130,0,0,210.0,Centro,https://lokatell.com.br/imovel/18457/sala-comercial-centro-toledo/,Imobiliária Lokatell
Casa 2 Quartos Jardim Pancera 70m²,Residencial,2450.0,0,2,1,70.0,Jardim Pancera,https://lokatell.com.br/imovel/19186/casa-2-quartos-jardim-pancera-toledo/,Imobiliária Lokatell
Sala Comercial Centro 50m²,Residencial,1800.0,300,0,0,50.0,Centro,https://lokatell.com.br/imovel/14754/sala-comercial-centro-toledo/,Imobiliária Lokatell
Sala Comercial Tocantins 21m²,Residencial,1100.0,200,0,0,21.0,Tocantins,https://lokatell.com.br/imovel/18921/sala-comercial-tocantins-toledo/,Imobiliária Lokatell
Barracão Comercial Centro 480m²,Barracão,1100.0,0,0,0,0,,https://lokatell.com.br/imovel/17566/barracao-comercial-centro-toledo/,Imobiliária Lokatell
Apartamento 2 Quartos Tocantins 70m²,Residencial,2800.0,300,2,1,70.0,Tocantins,https://lokatell.com.br/imovel/18692/apartamento-2-quartos-tocantins-toledo/,Imobiliária Lokatell
Apartamento 2 Quartos Tocantins 70m²,Residencial,1800.0,0,2,0,70.0,Tocantins,https://lokatell.com.br/imovel/18567/apartamento-2-quartos-tocantins-toledo/,Imobiliária Lokatell
Barracão Comercial Tocantins 360m²,Barracão,6600.0,0,0,0,360.0,Tocantins,https://lokatell.com.br/imovel/17887/barracao-comercial-tocantins-toledo/,Imobiliária Lokatell
Barracão Comercial Jardim Concordia 440m²,Barracão,15000.0,0,0,0,440.0,Jardim Concordia,https://lokatell.com.br/imovel/17800/barracao-comercial-jardim-concordia-toledo/,Imobiliária Lokatell
Sobrado 2 Quartos Vila Becker 90m²,Residencial,3500.0,0,2,2,90.0,Vila Becker,https://lokatell.com.br/imovel/5665/sobrado-2-quartos-vila-becker-toledo/,Imobiliária Lokatell
Sobrado 5 Quartos Jardim La Salle 400m²,Residencial,9000.0,0,5,4,400.0,Jardim La Salle,https://lokatell.com.br/imovel/15093/sobrado-5-quartos-jardim-la-salle-toledo/,Imobiliária Lokatell
Sala Comercial Jardim Coopagro 1.600m²,Residencial,9000.0,0,0,0,1600.0,Jardim Coopagro,https://lokatell.com.br/imovel/16500/sala-comercial-jardim-coopagro-toledo/,Imobiliária Lokatell
Sala Comercial Centro 25m²,Residencial,2900.0,300,0,0,25.0,Centro,https://lokatell.com.br/imovel/10606/sala-comercial-centro-toledo/,Imobiliária Lokatell
Barracão Comercial Tocantins 404m²,Barracão,10000.0,0,0,0,404.0,Tocantins,https://lokatell.com.br/imovel/17851/barracao-comercial-tocantins-toledo/,Imobiliária Lokatell
Sala Comercial Centro 90m²,Residencial,3500.0,0,0,0,90.0,Centro,https://lokatell.com.br/imovel/19078/sala-comercial-centro-toledo/,Imobiliária Lokatell
Apartamento 3 Quartos Centro 120m²,Residencial,4200.0,350,3,1,120.0,Centro,https://lokatell.com.br/imovel/17522/apartamento-3-quartos-centro-toledo/,Imobiliária Lokatell
,Residencial,2500.0,0,0,0,80.0,Tocantins,https://lokatell.com.br/imovel/17911/sala-comercial-tocantins-toledo/,Imobiliária Lokatell
Barracão Comercial Jardim Tocantins 1.500m²,Barracão,20000.0,0,0,0,1500.0,Jardim Tocantins,https://lokatell.com.br/imovel/14916/barracao-comercial-jardim-tocantins-toledo/,Imobiliária Lokatell
Sala Comercial Centro 200m²,Residencial,6700.0,400,0,0,200.0,Centro,https://lokatell.com.br/imovel/16814/sala-comercial-centro-toledo/,Imobiliária Lokatell
Sala Comercial Jardim Porto Alegre 200m²,Residencial,4500.0,0,0,0,200.0,Jardim Porto Alegre,https://lokatell.com.br/imovel/17643/sala-comercial-jardim-porto-alegre-toledo/,Imobiliária Lokatell
Barracão Comercial Jardim Coopagro 300m²,Barracão,4500.0,0,0,0,300.0,Jardim Coopagro,https://lokatell.com.br/imovel/10020/barracao-comercial-jardim-coopagro-toledo/,Imobiliária Lokatell
Apartamento 2 Quartos Tocantins 70m²,Residencial,2800.0,300,2,1,70.0,Tocantins,https://lokatell.com.br/imovel/18693/apartamento-2-quartos-tocantins-toledo/,Imobiliária Lokatell
Sala Comercial Jardim Panorama 100m²,Residencial,3000.0,0,0,0,100.0,Jardim Panorama,https://lokatell.com.br/imovel/16310/sala-comercial-jardim-panorama-toledo/,Imobiliária Lokatell
Sala Comercial Centro 83m²,Residencial,2990.0,75,0,0,83.0,Centro,https://lokatell.com.br/imovel/16410/sala-comercial-centro-toledo/,Imobiliária Lokatell
Barracão Comercial Jardim Porto Alegre 1.200m²,Barracão,20000.0,0,0,0,1200.0,Jardim Porto Alegre,https://lokatell.com.br/imovel/19177/barracao-comercial-jardim-porto-alegre-toledo/,Imobiliária Lokatell
Sala Comercial Centro 160m²,Residencial,6000.0,0,0,0,160.0,Centro,https://lokatell.com.br/imovel/17074/sala-comercial-centro-toledo/,Imobiliária Lokatell
Apartamento 2 Quartos Centro 120m²,Residencial,3500.0,350,2,1,120.0,Centro,https://lokatell.com.br/imovel/18168/apartamento-2-quartos-centro-toledo/,Imobiliária Lokatell
Sala Comercial Jardim Santa Maria 550m²,Residencial,20000.0,0,0,0,550.0,Jardim Santa Maria,https://lokatell.com.br/imovel/16531/sala-comercial-jardim-santa-maria-toledo/,Imobiliária Lokatell
Casa Comercial Jardim La Salle 201m²,Residencial,9000.0,0,0,0,0,Jardim La Salle,https://lokatell.com.br/imovel/14419/casa-comercial-5-quartos-jardim-la-salle-toledo/,Imobiliária Lokatell
Barracão Comercial Tocantins 200m²,Barracão,3400.0,0,0,0,200.0,Tocantins,https://lokatell.com.br/imovel/19103/barracao-comercial-tocantins-toledo/,Imobiliária Lokatell
Sala Comercial Jardim Panorama 80m²,Residencial,2800.0,0,0,0,80.0,Jardim Panorama,https://lokatell.com.br/imovel/6285/sala-comercial-jardim-panorama-toledo/,Imobiliária Lokatell
Sala Comercial Centro 808m²,Residencial,30000.0,0,0,0,808.0,Centro,https://lokatell.com.br/imovel/10203/sala-comercial-centro-toledo/,Imobiliária Lokatell
Sala Comercial Vila Pioneiro 260m²,Residencial,5800.0,0,0,0,260.0,Vila Pioneiro,https://lokatell.com.br/imovel/10441/sala-comercial-vila-pioneiro-toledo/,Imobiliária Lokatell
Barracão Comercial Jardim Porto Alegre 1.200m²,Barracão,18000.0,0,0,0,1200.0,Jardim Porto Alegre,https://lokatell.com.br/imovel/19178/barracao-comercial-jardim-porto-alegre-toledo/,Imobiliária Lokatell
Barracão Comercial Jardim Anapolis 800m²,Barracão,12000.0,0,0,0,800.0,Jardim Anapolis,https://lokatell.com.br/imovel/18798/barracao-comercial-jardim-anapolis-toledo/,Imobiliária Lokatell
Sala Comercial Centro 800m²,Residencial,18000.0,0,0,0,800.0,Centro,https://lokatell.com.br/imovel/12513/sala-comercial-centro-toledo/,Imobiliária Lokatell
Barracão Comercial Santa Clara 383m²,Barracão,6500.0,0,0,0,383.0,Santa Clara,https://lokatell.com.br/imovel/18653/barracao-comercial-santa-clara-toledo/,Imobiliária Lokatell
Apartamento 2 Quartos Tocantins 70m²,Residencial,2800.0,300,2,1,70.0,Tocantins,https://lokatell.com.br/imovel/18694/apartamento-2-quartos-tocantins-toledo/,Imobiliária Lokatell
Sala Comercial Jardim Porto Alegre 262m²,Residencial,5800.0,0,0,0,262.0,Jardim Porto Alegre,https://lokatell.com.br/imovel/16098/sala-comercial-jardim-porto-alegre-toledo/,Imobiliária Lokatell
Sala Comercial Centro 191m²,Residencial,7900.0,150,0,0,191.0,Centro,https://lokatell.com.br/imovel/17080/sala-comercial-centro-toledo/,Imobiliária Lokatell
,Residencial,7900.0,400,0,0,427.0,,https://lokatell.com.br/imovel/17270/sala-comercial-jardim-coopagro-toledo/,Imobiliária Lokatell
Sala Comercial Jardim Coopagro 100m²,Residencial,3500.0,0,0,0,100.0,Jardim Coopagro,https://lokatell.com.br/imovel/18675/sala-comercial-jardim-coopagro-toledo/,Imobiliária Lokatell
Sala Comercial Vila Pioneiro 100m²,Residencial,2700.0,0,0,0,100.0,Vila Pioneiro,https://lokatell.com.br/imovel/16309/sala-comercial-vila-pioneiro-toledo/,Imobiliária Lokatell
Terreno Jardim Panorama 419m²,Terreno,2000.0,0,0,0,419.0,Jardim Panorama,https://lokatell.com.br/imovel/8047/terreno-jardim-panorama-toledo/,Imobiliária Lokatell
Sala Comercial Centro 700m²,Residencial,12000.0,0,0,0,700.0,Centro,https://lokatell.com.br/imovel/10302/sala-comercial-centro-toledo/,Imobiliária Lokatell
Sala Comercial Centro 216m²,Residencial,4000.0,0,0,0,216.0,Centro,https://lokatell.com.br/imovel/12080/sala-comercial-centro-toledo/,Imobiliária Lokatell
Sala Comercial Vila Pioneiro 260m²,Residencial,5800.0,0,0,0,260.0,Vila Pioneiro,https://lokatell.com.br/imovel/10439/sala-comercial-vila-pioneiro-toledo/,Imobiliária Lokatell
Sala Comercial Jardim Porto Alegre 83m²,Residencial,4400.0,0,0,0,83.0,Jardim Porto Alegre,https://lokatell.com.br/imovel/14395/sala-comercial-jardim-porto-alegre-toledo/,Imobiliária Lokatell
Sala Comercial Vila Pioneiro 200m²,Residencial,5700.0,0,0,0,200.0,Vila Pioneiro,https://lokatell.com.br/imovel/16459/sala-comercial-vila-pioneiro-toledo/,Imobiliária Lokatell
Terreno Vila Industrial 858m²,Terreno,5000.0,0,0,0,858.0,Vila Industrial,https://lokatell.com.br/imovel/10796/terreno-vila-industrial-toledo/,Imobiliária Lokatell
Sala Comercial Centro 992m²,Residencial,28000.0,0,0,0,992.0,Centro,https://lokatell.com.br/imovel/14752/sala-comercial-centro-toledo/,Imobiliária Lokatell
Sala Comercial Centro 70m²,Residencial,5000.0,130,0,0,70.0,Centro,https://lokatell.com.br/imovel/12684/sala-comercial-centro-toledo/,Imobiliária Lokatell
Barracão Comercial Jardim Anapolis 396m²,Barracão,8000.0,0,0,0,0,Jardim Anapolis,https://lokatell.com.br/imovel/18582/barracao-comercial-jardim-anapolis-toledo/,Imobiliária Lokatell
,Residencial,11000.0,0,0,0,285.0,,https://lokatell.com.br/imovel/14910/sala-comercial-centro-toledo/,Imobiliária Lokatell